Using pre-set license
Built from '2021.3/staging' branch; Version is '2021.3.45f1 (0da89fac8e79) revision 895135'; Using compiler version '192829333'; Build Type 'Release'
OS: 'Windows 11  (10.0.22631) 64bit Core' Language: 'en' Physical Memory: 31893 MB
BatchMode: 1, IsHumanControllingUs: 0, StartBugReporterOnCrash: 0, Is64bit: 1, IsPro: 1

COMMAND LINE ARGUMENTS:
C:\Program Files\Unity\Hub\Editor\2021.3.45f1\Editor\Unity.exe
-adb2
-batchMode
-noUpm
-name
AssetImportWorker1
-projectPath
C:/Users/Rendi Diksa/Desktop/FOLDer/Projects/Unity/Kart Multiplayer NEW
-logFile
Logs/AssetImportWorker1.log
-srvPort
62312
Successfully changed project path to: C:/Users/Rendi Diksa/Desktop/FOLDer/Projects/Unity/Kart Multiplayer NEW
C:/Users/Rendi Diksa/Desktop/FOLDer/Projects/Unity/Kart Multiplayer NEW
[UnityMemory] Configuration Parameters - Can be set up in boot.config
    "memorysetup-bucket-allocator-granularity=16"
    "memorysetup-bucket-allocator-bucket-count=8"
    "memorysetup-bucket-allocator-block-size=33554432"
    "memorysetup-bucket-allocator-block-count=8"
    "memorysetup-main-allocator-block-size=16777216"
    "memorysetup-thread-allocator-block-size=16777216"
    "memorysetup-gfx-main-allocator-block-size=16777216"
    "memorysetup-gfx-thread-allocator-block-size=16777216"
    "memorysetup-cache-allocator-block-size=4194304"
    "memorysetup-typetree-allocator-block-size=2097152"
    "memorysetup-profiler-bucket-allocator-granularity=16"
    "memorysetup-profiler-bucket-allocator-bucket-count=8"
    "memorysetup-profiler-bucket-allocator-block-size=33554432"
    "memorysetup-profiler-bucket-allocator-block-count=8"
    "memorysetup-profiler-allocator-block-size=16777216"
    "memorysetup-profiler-editor-allocator-block-size=1048576"
    "memorysetup-temp-allocator-size-main=16777216"
    "memorysetup-job-temp-allocator-block-size=2097152"
    "memorysetup-job-temp-allocator-block-size-background=1048576"
    "memorysetup-job-temp-allocator-reduction-small-platforms=262144"
    "memorysetup-temp-allocator-size-background-worker=32768"
    "memorysetup-temp-allocator-size-job-worker=262144"
    "memorysetup-temp-allocator-size-preload-manager=33554432"
    "memorysetup-temp-allocator-size-nav-mesh-worker=65536"
    "memorysetup-temp-allocator-size-audio-worker=65536"
    "memorysetup-temp-allocator-size-cloud-worker=32768"
    "memorysetup-temp-allocator-size-gi-baking-worker=262144"
    "memorysetup-temp-allocator-size-gfx=262144"
Player connection [27436] Host "[IP] 192.168.56.1 [Port] 0 [Flags] 2 [Guid] 1427516968 [EditorId] 1427516968 [Version] 1048832 [Id] WindowsEditor(7,NESTEAMER-PC) [Debug] 1 [PackageName] WindowsEditor [ProjectName] Editor" joined multi-casting on [225.0.0.222:54997]...

Player connection [27436] Host "[IP] 192.168.56.1 [Port] 0 [Flags] 2 [Guid] 1427516968 [EditorId] 1427516968 [Version] 1048832 [Id] WindowsEditor(7,NESTEAMER-PC) [Debug] 1 [PackageName] WindowsEditor [ProjectName] Editor" joined alternative multi-casting on [225.0.0.222:34997]...

[Physics::Module] Initialized MultithreadedJobDispatcher with {0} workers.
Refreshing native plugins compatible for Editor in 37.86 ms, found 3 plugins.
Preloading 0 native plugins for Editor in 0.00 ms.
Initialize engine version: 2021.3.45f1 (0da89fac8e79)
[Subsystems] Discovering subsystems at path C:/Program Files/Unity/Hub/Editor/2021.3.45f1/Editor/Data/Resources/UnitySubsystems
[Subsystems] Discovering subsystems at path C:/Users/Rendi Diksa/Desktop/FOLDer/Projects/Unity/Kart Multiplayer NEW/Assets
GfxDevice: creating device client; threaded=0; jobified=0
Direct3D:
    Version:  Direct3D 11.0 [level 11.1]
    Renderer: NVIDIA GeForce RTX 3070 (ID=0x2488)
    Vendor:   NVIDIA
    VRAM:     8018 MB
    Driver:   32.0.15.6614
Initialize mono
Mono path[0] = 'C:/Program Files/Unity/Hub/Editor/2021.3.45f1/Editor/Data/Managed'
Mono path[1] = 'C:/Program Files/Unity/Hub/Editor/2021.3.45f1/Editor/Data/MonoBleedingEdge/lib/mono/unityjit-win32'
Mono config path = 'C:/Program Files/Unity/Hub/Editor/2021.3.45f1/Editor/Data/MonoBleedingEdge/etc'
Using monoOptions --debugger-agent=transport=dt_socket,embedding=1,server=y,suspend=n,address=127.0.0.1:56112
Begin MonoManager ReloadAssembly
Registering precompiled unity dll's ...
Register platform support module: C:/Program Files/Unity/Hub/Editor/2021.3.45f1/Editor/Data/PlaybackEngines/AndroidPlayer/UnityEditor.Android.Extensions.dll
Register platform support module: C:/Program Files/Unity/Hub/Editor/2021.3.45f1/Editor/Data/PlaybackEngines/WindowsStandaloneSupport/UnityEditor.WindowsStandalone.Extensions.dll
Registered in 0.004100 seconds.
Native extension for WindowsStandalone target not found
Native extension for Android target not found
Android Extension - Scanning For ADB Devices 160 ms
Refreshing native plugins compatible for Editor in 38.21 ms, found 3 plugins.
Preloading 0 native plugins for Editor in 0.00 ms.
Mono: successfully reloaded assembly
- Completed reload, in  0.556 seconds
Domain Reload Profiling:
	ReloadAssembly (556ms)
		BeginReloadAssembly (53ms)
			ExecutionOrderSort (0ms)
			DisableScriptedObjects (0ms)
			BackupInstance (0ms)
			ReleaseScriptingObjects (0ms)
			CreateAndSetChildDomain (0ms)
		EndReloadAssembly (448ms)
			LoadAssemblies (52ms)
			RebuildTransferFunctionScriptingTraits (0ms)
			SetupTypeCache (68ms)
			ReleaseScriptCaches (0ms)
			RebuildScriptCaches (18ms)
			SetupLoadedEditorAssemblies (337ms)
				LogAssemblyErrors (0ms)
				InitializePlatformSupportModulesInManaged (207ms)
				SetLoadedEditorAssemblies (0ms)
				RefreshPlugins (38ms)
				BeforeProcessingInitializeOnLoad (1ms)
				ProcessInitializeOnLoadAttributes (62ms)
				ProcessInitializeOnLoadMethodAttributes (29ms)
				AfterProcessingInitializeOnLoad (0ms)
				EditorAssembliesLoaded (0ms)
			ExecutionOrderSort2 (0ms)
			AwakeInstancesAfterBackupRestoration (0ms)
Platform modules already initialized, skipping
Registering precompiled user dll's ...
Registered in 0.005303 seconds.
Begin MonoManager ReloadAssembly
Native extension for WindowsStandalone target not found
Native extension for Android target not found
Refreshing native plugins compatible for Editor in 0.57 ms, found 3 plugins.
Preloading 0 native plugins for Editor in 0.00 ms.
Package Manager log level set to [2]
[Package Manager] Server::EnsureServerProcessIsRunning -- launch failed, reason: Unity was launched with the -noUpm command-line argument
[Package Manager] Cannot connect to Unity Package Manager local server
Mono: successfully reloaded assembly
- Completed reload, in  1.157 seconds
Domain Reload Profiling:
	ReloadAssembly (1157ms)
		BeginReloadAssembly (87ms)
			ExecutionOrderSort (0ms)
			DisableScriptedObjects (4ms)
			BackupInstance (0ms)
			ReleaseScriptingObjects (0ms)
			CreateAndSetChildDomain (17ms)
		EndReloadAssembly (1003ms)
			LoadAssemblies (65ms)
			RebuildTransferFunctionScriptingTraits (0ms)
			SetupTypeCache (173ms)
			ReleaseScriptCaches (0ms)
			RebuildScriptCaches (34ms)
			SetupLoadedEditorAssemblies (721ms)
				LogAssemblyErrors (0ms)
				InitializePlatformSupportModulesInManaged (9ms)
				SetLoadedEditorAssemblies (0ms)
				RefreshPlugins (1ms)
				BeforeProcessingInitializeOnLoad (43ms)
				ProcessInitializeOnLoadAttributes (648ms)
				ProcessInitializeOnLoadMethodAttributes (15ms)
				AfterProcessingInitializeOnLoad (5ms)
				EditorAssembliesLoaded (0ms)
			ExecutionOrderSort2 (0ms)
			AwakeInstancesAfterBackupRestoration (4ms)
Platform modules already initialized, skipping
========================================================================
Worker process is ready to serve import requests
Launched and connected shader compiler UnityShaderCompiler.exe after 0.03 seconds
Refreshing native plugins compatible for Editor in 0.57 ms, found 3 plugins.
Preloading 0 native plugins for Editor in 0.00 ms.
Unloading 3675 Unused Serialized files (Serialized files now loaded: 0)
Unloading 43 unused Assets / (1.8 MB). Loaded Objects now: 4127.
Memory consumption went from 149.5 MB to 147.7 MB.
Total: 2.692600 ms (FindLiveObjects: 0.209000 ms CreateObjectMapping: 0.050400 ms MarkObjects: 2.085600 ms  DeleteObjects: 0.346600 ms)

AssetImportParameters requested are different than current active one (requested -> active):
  custom:video-decoder-ogg-theora: a1e56fd34408186e4bbccfd4996cb3dc -> 
  custom:container-muxer-webm: aa71ff27fc2769a1b78a27578f13a17b -> 
  custom:container-demuxer-webm: 4f35f7cbe854078d1ac9338744f61a02 -> 
  custom:video-encoder-webm-vp8: eb34c28f22e8b96e1ab97ce403110664 -> 
  custom:video-codec-MediaFoundation-h265: 746d11721c4dcdbdad8f713fa42b33f4 -> 
  custom:CustomObjectIndexerAttribute: bc11b3a6c3213fcdd17b65e7da85e133 -> 
  custom:audio-encoder-webm-vorbis: bf7c407c2cedff20999df2af8eb42d56 -> 
  custom:framework-win-MediaFoundation: 216162199b28c13a410421893ffa2e32 -> 
  custom:SearchIndexIgnoredProperties: e643bd26f0fe6173181afceb89e7c659 -> 
  custom:container-demuxer-ogg: 62fdf1f143b41e24485cea50d1cbac27 -> 
  custom:video-decoder-webm-vp8: 9c59270c3fd7afecdb556c50c9e8de78 -> 
  custom:audio-decoder-ogg-vorbis: bf7c407c2cedff20999df2af8eb42d56 -> 
========================================================================
Received Import Request.
  Time since last request: 1363451.495827 seconds.
  path: Assets/Asset Stuff/Models/Mobile Toon Cars Free/Models/Car_2.fbx
  artifactKey: Guid(b6483fdf85dc52143b3a48449d6b17fb) Importer(815301076,1909f56bfc062723c751e8b465ee728b)
Number of updated assets reloaded before import = 0
Start importing Assets/Asset Stuff/Models/Mobile Toon Cars Free/Models/Car_2.fbx using Guid(b6483fdf85dc52143b3a48449d6b17fb) Importer(815301076,1909f56bfc062723c751e8b465ee728b)  -> (artifact id: '7daf08787191a8cc5f3a59f33897508b') in 0.168255 seconds 
Number of asset objects unloaded after import = 38
========================================================================
Received Import Request.
  Time since last request: 0.000019 seconds.
  path: Assets/Asset Stuff/Models/Mobile Toon Cars Free/Models/Car_4.fbx
  artifactKey: Guid(0da0a37a38c2106489f2e4d6f7266e43) Importer(815301076,1909f56bfc062723c751e8b465ee728b)
Number of updated assets reloaded before import = 0
Start importing Assets/Asset Stuff/Models/Mobile Toon Cars Free/Models/Car_4.fbx using Guid(0da0a37a38c2106489f2e4d6f7266e43) Importer(815301076,1909f56bfc062723c751e8b465ee728b)  -> (artifact id: '5f42564534f0a49dc8f0e53714a0ba2a') in 0.041766 seconds 
Number of asset objects unloaded after import = 38
========================================================================
Received Import Request.
  Time since last request: 0.000019 seconds.
  path: Assets/Asset Stuff/Models/Mobile Toon Cars Free/Models/Car_6.fbx
  artifactKey: Guid(304d4176b33d3f443acaa23716e9b5eb) Importer(815301076,1909f56bfc062723c751e8b465ee728b)
Number of updated assets reloaded before import = 0
Start importing Assets/Asset Stuff/Models/Mobile Toon Cars Free/Models/Car_6.fbx using Guid(304d4176b33d3f443acaa23716e9b5eb) Importer(815301076,1909f56bfc062723c751e8b465ee728b)  -> (artifact id: '4be84312b135c818d622ff3e2d54333c') in 0.042440 seconds 
Number of asset objects unloaded after import = 38
========================================================================
Received Prepare
Registering precompiled user dll's ...
Registered in 0.005334 seconds.
Begin MonoManager ReloadAssembly
Native extension for WindowsStandalone target not found
Native extension for Android target not found
Refreshing native plugins compatible for Editor in 0.60 ms, found 3 plugins.
Preloading 0 native plugins for Editor in 0.00 ms.
[Package Manager] Server::EnsureServerProcessIsRunning -- launch failed, reason: Unity was launched with the -noUpm command-line argument
[Package Manager] Cannot connect to Unity Package Manager local server
Mono: successfully reloaded assembly
- Completed reload, in  1.072 seconds
Domain Reload Profiling:
	ReloadAssembly (1073ms)
		BeginReloadAssembly (102ms)
			ExecutionOrderSort (0ms)
			DisableScriptedObjects (2ms)
			BackupInstance (0ms)
			ReleaseScriptingObjects (0ms)
			CreateAndSetChildDomain (31ms)
		EndReloadAssembly (916ms)
			LoadAssemblies (62ms)
			RebuildTransferFunctionScriptingTraits (0ms)
			SetupTypeCache (155ms)
			ReleaseScriptCaches (1ms)
			RebuildScriptCaches (23ms)
			SetupLoadedEditorAssemblies (665ms)
				LogAssemblyErrors (0ms)
				InitializePlatformSupportModulesInManaged (9ms)
				SetLoadedEditorAssemblies (0ms)
				RefreshPlugins (1ms)
				BeforeProcessingInitializeOnLoad (34ms)
				ProcessInitializeOnLoadAttributes (604ms)
				ProcessInitializeOnLoadMethodAttributes (12ms)
				AfterProcessingInitializeOnLoad (5ms)
				EditorAssembliesLoaded (0ms)
			ExecutionOrderSort2 (0ms)
			AwakeInstancesAfterBackupRestoration (4ms)
Platform modules already initialized, skipping
Refreshing native plugins compatible for Editor in 0.63 ms, found 3 plugins.
Preloading 0 native plugins for Editor in 0.00 ms.
Unloading 3558 Unused Serialized files (Serialized files now loaded: 0)
Unloading 37 unused Assets / (1.8 MB). Loaded Objects now: 4143.
Memory consumption went from 142.2 MB to 140.5 MB.
Total: 2.538800 ms (FindLiveObjects: 0.227900 ms CreateObjectMapping: 0.059100 ms MarkObjects: 1.972400 ms  DeleteObjects: 0.278700 ms)

AssetImportParameters requested are different than current active one (requested -> active):
  custom:video-decoder-ogg-theora: a1e56fd34408186e4bbccfd4996cb3dc -> 
  custom:container-muxer-webm: aa71ff27fc2769a1b78a27578f13a17b -> 
  custom:container-demuxer-webm: 4f35f7cbe854078d1ac9338744f61a02 -> 
  custom:video-encoder-webm-vp8: eb34c28f22e8b96e1ab97ce403110664 -> 
  custom:video-codec-MediaFoundation-h265: 746d11721c4dcdbdad8f713fa42b33f4 -> 
  custom:CustomObjectIndexerAttribute: bc11b3a6c3213fcdd17b65e7da85e133 -> 
  custom:audio-encoder-webm-vorbis: bf7c407c2cedff20999df2af8eb42d56 -> 
  custom:framework-win-MediaFoundation: 216162199b28c13a410421893ffa2e32 -> 
  custom:SearchIndexIgnoredProperties: e643bd26f0fe6173181afceb89e7c659 -> 
  custom:container-demuxer-ogg: 62fdf1f143b41e24485cea50d1cbac27 -> 
  custom:video-decoder-webm-vp8: 9c59270c3fd7afecdb556c50c9e8de78 -> 
  custom:audio-decoder-ogg-vorbis: bf7c407c2cedff20999df2af8eb42d56 -> 
========================================================================
Received Prepare
Registering precompiled user dll's ...
Registered in 0.004972 seconds.
Begin MonoManager ReloadAssembly
Native extension for WindowsStandalone target not found
Native extension for Android target not found
Refreshing native plugins compatible for Editor in 0.61 ms, found 3 plugins.
Preloading 0 native plugins for Editor in 0.00 ms.
[Package Manager] Server::EnsureServerProcessIsRunning -- launch failed, reason: Unity was launched with the -noUpm command-line argument
[Package Manager] Cannot connect to Unity Package Manager local server
Mono: successfully reloaded assembly
- Completed reload, in  1.112 seconds
Domain Reload Profiling:
	ReloadAssembly (1113ms)
		BeginReloadAssembly (101ms)
			ExecutionOrderSort (0ms)
			DisableScriptedObjects (4ms)
			BackupInstance (0ms)
			ReleaseScriptingObjects (0ms)
			CreateAndSetChildDomain (28ms)
		EndReloadAssembly (957ms)
			LoadAssemblies (63ms)
			RebuildTransferFunctionScriptingTraits (0ms)
			SetupTypeCache (165ms)
			ReleaseScriptCaches (1ms)
			RebuildScriptCaches (26ms)
			SetupLoadedEditorAssemblies (688ms)
				LogAssemblyErrors (0ms)
				InitializePlatformSupportModulesInManaged (9ms)
				SetLoadedEditorAssemblies (0ms)
				RefreshPlugins (1ms)
				BeforeProcessingInitializeOnLoad (35ms)
				ProcessInitializeOnLoadAttributes (624ms)
				ProcessInitializeOnLoadMethodAttributes (13ms)
				AfterProcessingInitializeOnLoad (5ms)
				EditorAssembliesLoaded (0ms)
			ExecutionOrderSort2 (0ms)
			AwakeInstancesAfterBackupRestoration (4ms)
Platform modules already initialized, skipping
Refreshing native plugins compatible for Editor in 0.68 ms, found 3 plugins.
Preloading 0 native plugins for Editor in 0.00 ms.
Unloading 3558 Unused Serialized files (Serialized files now loaded: 0)
Unloading 37 unused Assets / (1.8 MB). Loaded Objects now: 4147.
Memory consumption went from 142.3 MB to 140.5 MB.
Total: 2.926200 ms (FindLiveObjects: 0.227800 ms CreateObjectMapping: 0.063300 ms MarkObjects: 2.329000 ms  DeleteObjects: 0.305400 ms)

AssetImportParameters requested are different than current active one (requested -> active):
  custom:video-decoder-ogg-theora: a1e56fd34408186e4bbccfd4996cb3dc -> 
  custom:container-muxer-webm: aa71ff27fc2769a1b78a27578f13a17b -> 
  custom:container-demuxer-webm: 4f35f7cbe854078d1ac9338744f61a02 -> 
  custom:video-encoder-webm-vp8: eb34c28f22e8b96e1ab97ce403110664 -> 
  custom:video-codec-MediaFoundation-h265: 746d11721c4dcdbdad8f713fa42b33f4 -> 
  custom:CustomObjectIndexerAttribute: bc11b3a6c3213fcdd17b65e7da85e133 -> 
  custom:audio-encoder-webm-vorbis: bf7c407c2cedff20999df2af8eb42d56 -> 
  custom:framework-win-MediaFoundation: 216162199b28c13a410421893ffa2e32 -> 
  custom:SearchIndexIgnoredProperties: e643bd26f0fe6173181afceb89e7c659 -> 
  custom:container-demuxer-ogg: 62fdf1f143b41e24485cea50d1cbac27 -> 
  custom:video-decoder-webm-vp8: 9c59270c3fd7afecdb556c50c9e8de78 -> 
  custom:audio-decoder-ogg-vorbis: bf7c407c2cedff20999df2af8eb42d56 -> 
========================================================================
Received Prepare
Registering precompiled user dll's ...
Registered in 0.005638 seconds.
Begin MonoManager ReloadAssembly
Native extension for WindowsStandalone target not found
Native extension for Android target not found
Refreshing native plugins compatible for Editor in 0.60 ms, found 3 plugins.
Preloading 0 native plugins for Editor in 0.00 ms.
[Package Manager] Server::EnsureServerProcessIsRunning -- launch failed, reason: Unity was launched with the -noUpm command-line argument
[Package Manager] Cannot connect to Unity Package Manager local server
Mono: successfully reloaded assembly
- Completed reload, in  1.094 seconds
Domain Reload Profiling:
	ReloadAssembly (1094ms)
		BeginReloadAssembly (99ms)
			ExecutionOrderSort (0ms)
			DisableScriptedObjects (2ms)
			BackupInstance (0ms)
			ReleaseScriptingObjects (0ms)
			CreateAndSetChildDomain (29ms)
		EndReloadAssembly (940ms)
			LoadAssemblies (62ms)
			RebuildTransferFunctionScriptingTraits (0ms)
			SetupTypeCache (160ms)
			ReleaseScriptCaches (1ms)
			RebuildScriptCaches (26ms)
			SetupLoadedEditorAssemblies (679ms)
				LogAssemblyErrors (0ms)
				InitializePlatformSupportModulesInManaged (10ms)
				SetLoadedEditorAssemblies (0ms)
				RefreshPlugins (1ms)
				BeforeProcessingInitializeOnLoad (34ms)
				ProcessInitializeOnLoadAttributes (615ms)
				ProcessInitializeOnLoadMethodAttributes (13ms)
				AfterProcessingInitializeOnLoad (5ms)
				EditorAssembliesLoaded (0ms)
			ExecutionOrderSort2 (0ms)
			AwakeInstancesAfterBackupRestoration (4ms)
Platform modules already initialized, skipping
Refreshing native plugins compatible for Editor in 0.63 ms, found 3 plugins.
Preloading 0 native plugins for Editor in 0.00 ms.
Unloading 3558 Unused Serialized files (Serialized files now loaded: 0)
Unloading 37 unused Assets / (1.8 MB). Loaded Objects now: 4151.
Memory consumption went from 142.3 MB to 140.5 MB.
Total: 3.106700 ms (FindLiveObjects: 0.275100 ms CreateObjectMapping: 0.176300 ms MarkObjects: 2.377800 ms  DeleteObjects: 0.276700 ms)

AssetImportParameters requested are different than current active one (requested -> active):
  custom:video-decoder-ogg-theora: a1e56fd34408186e4bbccfd4996cb3dc -> 
  custom:container-muxer-webm: aa71ff27fc2769a1b78a27578f13a17b -> 
  custom:container-demuxer-webm: 4f35f7cbe854078d1ac9338744f61a02 -> 
  custom:video-encoder-webm-vp8: eb34c28f22e8b96e1ab97ce403110664 -> 
  custom:video-codec-MediaFoundation-h265: 746d11721c4dcdbdad8f713fa42b33f4 -> 
  custom:CustomObjectIndexerAttribute: bc11b3a6c3213fcdd17b65e7da85e133 -> 
  custom:audio-encoder-webm-vorbis: bf7c407c2cedff20999df2af8eb42d56 -> 
  custom:framework-win-MediaFoundation: 216162199b28c13a410421893ffa2e32 -> 
  custom:SearchIndexIgnoredProperties: e643bd26f0fe6173181afceb89e7c659 -> 
  custom:container-demuxer-ogg: 62fdf1f143b41e24485cea50d1cbac27 -> 
  custom:video-decoder-webm-vp8: 9c59270c3fd7afecdb556c50c9e8de78 -> 
  custom:audio-decoder-ogg-vorbis: bf7c407c2cedff20999df2af8eb42d56 -> 
========================================================================
Received Prepare
Registering precompiled user dll's ...
Registered in 0.005196 seconds.
Begin MonoManager ReloadAssembly
Native extension for WindowsStandalone target not found
Native extension for Android target not found
Refreshing native plugins compatible for Editor in 0.47 ms, found 3 plugins.
Preloading 0 native plugins for Editor in 0.00 ms.
[Package Manager] Server::EnsureServerProcessIsRunning -- launch failed, reason: Unity was launched with the -noUpm command-line argument
[Package Manager] Cannot connect to Unity Package Manager local server
Mono: successfully reloaded assembly
- Completed reload, in  1.110 seconds
Domain Reload Profiling:
	ReloadAssembly (1110ms)
		BeginReloadAssembly (102ms)
			ExecutionOrderSort (0ms)
			DisableScriptedObjects (2ms)
			BackupInstance (0ms)
			ReleaseScriptingObjects (0ms)
			CreateAndSetChildDomain (28ms)
		EndReloadAssembly (953ms)
			LoadAssemblies (71ms)
			RebuildTransferFunctionScriptingTraits (0ms)
			SetupTypeCache (168ms)
			ReleaseScriptCaches (1ms)
			RebuildScriptCaches (24ms)
			SetupLoadedEditorAssemblies (676ms)
				LogAssemblyErrors (0ms)
				InitializePlatformSupportModulesInManaged (9ms)
				SetLoadedEditorAssemblies (0ms)
				RefreshPlugins (1ms)
				BeforeProcessingInitializeOnLoad (34ms)
				ProcessInitializeOnLoadAttributes (612ms)
				ProcessInitializeOnLoadMethodAttributes (13ms)
				AfterProcessingInitializeOnLoad (6ms)
				EditorAssembliesLoaded (0ms)
			ExecutionOrderSort2 (0ms)
			AwakeInstancesAfterBackupRestoration (5ms)
Platform modules already initialized, skipping
Refreshing native plugins compatible for Editor in 0.64 ms, found 3 plugins.
Preloading 0 native plugins for Editor in 0.00 ms.
Unloading 3558 Unused Serialized files (Serialized files now loaded: 0)
Unloading 37 unused Assets / (1.8 MB). Loaded Objects now: 4155.
Memory consumption went from 142.3 MB to 140.5 MB.
Total: 3.036100 ms (FindLiveObjects: 0.252200 ms CreateObjectMapping: 0.083100 ms MarkObjects: 2.396100 ms  DeleteObjects: 0.303700 ms)

AssetImportParameters requested are different than current active one (requested -> active):
  custom:video-decoder-ogg-theora: a1e56fd34408186e4bbccfd4996cb3dc -> 
  custom:container-muxer-webm: aa71ff27fc2769a1b78a27578f13a17b -> 
  custom:container-demuxer-webm: 4f35f7cbe854078d1ac9338744f61a02 -> 
  custom:video-encoder-webm-vp8: eb34c28f22e8b96e1ab97ce403110664 -> 
  custom:video-codec-MediaFoundation-h265: 746d11721c4dcdbdad8f713fa42b33f4 -> 
  custom:CustomObjectIndexerAttribute: bc11b3a6c3213fcdd17b65e7da85e133 -> 
  custom:audio-encoder-webm-vorbis: bf7c407c2cedff20999df2af8eb42d56 -> 
  custom:framework-win-MediaFoundation: 216162199b28c13a410421893ffa2e32 -> 
  custom:SearchIndexIgnoredProperties: e643bd26f0fe6173181afceb89e7c659 -> 
  custom:container-demuxer-ogg: 62fdf1f143b41e24485cea50d1cbac27 -> 
  custom:video-decoder-webm-vp8: 9c59270c3fd7afecdb556c50c9e8de78 -> 
  custom:audio-decoder-ogg-vorbis: bf7c407c2cedff20999df2af8eb42d56 -> 
========================================================================
Received Prepare
Registering precompiled user dll's ...
Registered in 0.005255 seconds.
Begin MonoManager ReloadAssembly
Native extension for WindowsStandalone target not found
Native extension for Android target not found
Refreshing native plugins compatible for Editor in 0.61 ms, found 3 plugins.
Preloading 0 native plugins for Editor in 0.00 ms.
[Package Manager] Server::EnsureServerProcessIsRunning -- launch failed, reason: Unity was launched with the -noUpm command-line argument
[Package Manager] Cannot connect to Unity Package Manager local server
Mono: successfully reloaded assembly
- Completed reload, in  1.112 seconds
Domain Reload Profiling:
	ReloadAssembly (1113ms)
		BeginReloadAssembly (102ms)
			ExecutionOrderSort (0ms)
			DisableScriptedObjects (2ms)
			BackupInstance (0ms)
			ReleaseScriptingObjects (0ms)
			CreateAndSetChildDomain (31ms)
		EndReloadAssembly (956ms)
			LoadAssemblies (62ms)
			RebuildTransferFunctionScriptingTraits (0ms)
			SetupTypeCache (163ms)
			ReleaseScriptCaches (1ms)
			RebuildScriptCaches (25ms)
			SetupLoadedEditorAssemblies (691ms)
				LogAssemblyErrors (0ms)
				InitializePlatformSupportModulesInManaged (9ms)
				SetLoadedEditorAssemblies (0ms)
				RefreshPlugins (1ms)
				BeforeProcessingInitializeOnLoad (36ms)
				ProcessInitializeOnLoadAttributes (624ms)
				ProcessInitializeOnLoadMethodAttributes (16ms)
				AfterProcessingInitializeOnLoad (5ms)
				EditorAssembliesLoaded (0ms)
			ExecutionOrderSort2 (0ms)
			AwakeInstancesAfterBackupRestoration (4ms)
Platform modules already initialized, skipping
Refreshing native plugins compatible for Editor in 0.87 ms, found 3 plugins.
Preloading 0 native plugins for Editor in 0.00 ms.
Unloading 3558 Unused Serialized files (Serialized files now loaded: 0)
Unloading 37 unused Assets / (1.8 MB). Loaded Objects now: 4159.
Memory consumption went from 142.3 MB to 140.5 MB.
Total: 2.734400 ms (FindLiveObjects: 0.281300 ms CreateObjectMapping: 0.080100 ms MarkObjects: 2.105900 ms  DeleteObjects: 0.266300 ms)

AssetImportParameters requested are different than current active one (requested -> active):
  custom:video-decoder-ogg-theora: a1e56fd34408186e4bbccfd4996cb3dc -> 
  custom:container-muxer-webm: aa71ff27fc2769a1b78a27578f13a17b -> 
  custom:container-demuxer-webm: 4f35f7cbe854078d1ac9338744f61a02 -> 
  custom:video-encoder-webm-vp8: eb34c28f22e8b96e1ab97ce403110664 -> 
  custom:video-codec-MediaFoundation-h265: 746d11721c4dcdbdad8f713fa42b33f4 -> 
  custom:CustomObjectIndexerAttribute: bc11b3a6c3213fcdd17b65e7da85e133 -> 
  custom:audio-encoder-webm-vorbis: bf7c407c2cedff20999df2af8eb42d56 -> 
  custom:framework-win-MediaFoundation: 216162199b28c13a410421893ffa2e32 -> 
  custom:SearchIndexIgnoredProperties: e643bd26f0fe6173181afceb89e7c659 -> 
  custom:container-demuxer-ogg: 62fdf1f143b41e24485cea50d1cbac27 -> 
  custom:video-decoder-webm-vp8: 9c59270c3fd7afecdb556c50c9e8de78 -> 
  custom:audio-decoder-ogg-vorbis: bf7c407c2cedff20999df2af8eb42d56 -> 
========================================================================
Received Prepare
Registering precompiled user dll's ...
Registered in 0.005348 seconds.
Begin MonoManager ReloadAssembly
Native extension for WindowsStandalone target not found
Native extension for Android target not found
Refreshing native plugins compatible for Editor in 0.59 ms, found 3 plugins.
Preloading 0 native plugins for Editor in 0.00 ms.
[Package Manager] Server::EnsureServerProcessIsRunning -- launch failed, reason: Unity was launched with the -noUpm command-line argument
[Package Manager] Cannot connect to Unity Package Manager local server
Mono: successfully reloaded assembly
- Completed reload, in  1.100 seconds
Domain Reload Profiling:
	ReloadAssembly (1100ms)
		BeginReloadAssembly (98ms)
			ExecutionOrderSort (0ms)
			DisableScriptedObjects (2ms)
			BackupInstance (0ms)
			ReleaseScriptingObjects (0ms)
			CreateAndSetChildDomain (29ms)
		EndReloadAssembly (947ms)
			LoadAssemblies (62ms)
			RebuildTransferFunctionScriptingTraits (0ms)
			SetupTypeCache (163ms)
			ReleaseScriptCaches (1ms)
			RebuildScriptCaches (25ms)
			SetupLoadedEditorAssemblies (680ms)
				LogAssemblyErrors (0ms)
				InitializePlatformSupportModulesInManaged (10ms)
				SetLoadedEditorAssemblies (0ms)
				RefreshPlugins (1ms)
				BeforeProcessingInitializeOnLoad (34ms)
				ProcessInitializeOnLoadAttributes (616ms)
				ProcessInitializeOnLoadMethodAttributes (13ms)
				AfterProcessingInitializeOnLoad (6ms)
				EditorAssembliesLoaded (0ms)
			ExecutionOrderSort2 (0ms)
			AwakeInstancesAfterBackupRestoration (4ms)
Platform modules already initialized, skipping
Refreshing native plugins compatible for Editor in 0.67 ms, found 3 plugins.
Preloading 0 native plugins for Editor in 0.00 ms.
Unloading 3558 Unused Serialized files (Serialized files now loaded: 0)
Unloading 37 unused Assets / (1.8 MB). Loaded Objects now: 4163.
Memory consumption went from 142.3 MB to 140.5 MB.
Total: 2.948900 ms (FindLiveObjects: 0.259300 ms CreateObjectMapping: 0.096700 ms MarkObjects: 2.301200 ms  DeleteObjects: 0.290700 ms)

AssetImportParameters requested are different than current active one (requested -> active):
  custom:video-decoder-ogg-theora: a1e56fd34408186e4bbccfd4996cb3dc -> 
  custom:container-muxer-webm: aa71ff27fc2769a1b78a27578f13a17b -> 
  custom:container-demuxer-webm: 4f35f7cbe854078d1ac9338744f61a02 -> 
  custom:video-encoder-webm-vp8: eb34c28f22e8b96e1ab97ce403110664 -> 
  custom:video-codec-MediaFoundation-h265: 746d11721c4dcdbdad8f713fa42b33f4 -> 
  custom:CustomObjectIndexerAttribute: bc11b3a6c3213fcdd17b65e7da85e133 -> 
  custom:audio-encoder-webm-vorbis: bf7c407c2cedff20999df2af8eb42d56 -> 
  custom:framework-win-MediaFoundation: 216162199b28c13a410421893ffa2e32 -> 
  custom:SearchIndexIgnoredProperties: e643bd26f0fe6173181afceb89e7c659 -> 
  custom:container-demuxer-ogg: 62fdf1f143b41e24485cea50d1cbac27 -> 
  custom:video-decoder-webm-vp8: 9c59270c3fd7afecdb556c50c9e8de78 -> 
  custom:audio-decoder-ogg-vorbis: bf7c407c2cedff20999df2af8eb42d56 -> 
========================================================================
Received Prepare
Registering precompiled user dll's ...
Registered in 0.005412 seconds.
Begin MonoManager ReloadAssembly
Native extension for WindowsStandalone target not found
Native extension for Android target not found
Refreshing native plugins compatible for Editor in 0.46 ms, found 3 plugins.
Preloading 0 native plugins for Editor in 0.00 ms.
[Package Manager] Server::EnsureServerProcessIsRunning -- launch failed, reason: Unity was launched with the -noUpm command-line argument
[Package Manager] Cannot connect to Unity Package Manager local server
Mono: successfully reloaded assembly
- Completed reload, in  1.118 seconds
Domain Reload Profiling:
	ReloadAssembly (1118ms)
		BeginReloadAssembly (101ms)
			ExecutionOrderSort (0ms)
			DisableScriptedObjects (2ms)
			BackupInstance (0ms)
			ReleaseScriptingObjects (0ms)
			CreateAndSetChildDomain (28ms)
		EndReloadAssembly (955ms)
			LoadAssemblies (65ms)
			RebuildTransferFunctionScriptingTraits (0ms)
			SetupTypeCache (163ms)
			ReleaseScriptCaches (1ms)
			RebuildScriptCaches (25ms)
			SetupLoadedEditorAssemblies (689ms)
				LogAssemblyErrors (0ms)
				InitializePlatformSupportModulesInManaged (9ms)
				SetLoadedEditorAssemblies (0ms)
				RefreshPlugins (0ms)
				BeforeProcessingInitializeOnLoad (35ms)
				ProcessInitializeOnLoadAttributes (625ms)
				ProcessInitializeOnLoadMethodAttributes (13ms)
				AfterProcessingInitializeOnLoad (6ms)
				EditorAssembliesLoaded (0ms)
			ExecutionOrderSort2 (0ms)
			AwakeInstancesAfterBackupRestoration (5ms)
Platform modules already initialized, skipping
Refreshing native plugins compatible for Editor in 0.64 ms, found 3 plugins.
Preloading 0 native plugins for Editor in 0.00 ms.
Unloading 3558 Unused Serialized files (Serialized files now loaded: 0)
Unloading 37 unused Assets / (1.8 MB). Loaded Objects now: 4167.
Memory consumption went from 142.3 MB to 140.5 MB.
Total: 3.007500 ms (FindLiveObjects: 0.244000 ms CreateObjectMapping: 0.083600 ms MarkObjects: 2.377500 ms  DeleteObjects: 0.298900 ms)

AssetImportParameters requested are different than current active one (requested -> active):
  custom:video-decoder-ogg-theora: a1e56fd34408186e4bbccfd4996cb3dc -> 
  custom:container-muxer-webm: aa71ff27fc2769a1b78a27578f13a17b -> 
  custom:container-demuxer-webm: 4f35f7cbe854078d1ac9338744f61a02 -> 
  custom:video-encoder-webm-vp8: eb34c28f22e8b96e1ab97ce403110664 -> 
  custom:video-codec-MediaFoundation-h265: 746d11721c4dcdbdad8f713fa42b33f4 -> 
  custom:CustomObjectIndexerAttribute: bc11b3a6c3213fcdd17b65e7da85e133 -> 
  custom:audio-encoder-webm-vorbis: bf7c407c2cedff20999df2af8eb42d56 -> 
  custom:framework-win-MediaFoundation: 216162199b28c13a410421893ffa2e32 -> 
  custom:SearchIndexIgnoredProperties: e643bd26f0fe6173181afceb89e7c659 -> 
  custom:container-demuxer-ogg: 62fdf1f143b41e24485cea50d1cbac27 -> 
  custom:video-decoder-webm-vp8: 9c59270c3fd7afecdb556c50c9e8de78 -> 
  custom:audio-decoder-ogg-vorbis: bf7c407c2cedff20999df2af8eb42d56 -> 
========================================================================
Received Prepare
Registering precompiled user dll's ...
Registered in 0.004742 seconds.
Begin MonoManager ReloadAssembly
Native extension for WindowsStandalone target not found
Native extension for Android target not found
Refreshing native plugins compatible for Editor in 0.45 ms, found 3 plugins.
Preloading 0 native plugins for Editor in 0.00 ms.
[Package Manager] Server::EnsureServerProcessIsRunning -- launch failed, reason: Unity was launched with the -noUpm command-line argument
[Package Manager] Cannot connect to Unity Package Manager local server
Mono: successfully reloaded assembly
- Completed reload, in  1.116 seconds
Domain Reload Profiling:
	ReloadAssembly (1117ms)
		BeginReloadAssembly (98ms)
			ExecutionOrderSort (0ms)
			DisableScriptedObjects (2ms)
			BackupInstance (0ms)
			ReleaseScriptingObjects (0ms)
			CreateAndSetChildDomain (28ms)
		EndReloadAssembly (962ms)
			LoadAssemblies (61ms)
			RebuildTransferFunctionScriptingTraits (0ms)
			SetupTypeCache (161ms)
			ReleaseScriptCaches (1ms)
			RebuildScriptCaches (25ms)
			SetupLoadedEditorAssemblies (698ms)
				LogAssemblyErrors (0ms)
				InitializePlatformSupportModulesInManaged (10ms)
				SetLoadedEditorAssemblies (0ms)
				RefreshPlugins (0ms)
				BeforeProcessingInitializeOnLoad (35ms)
				ProcessInitializeOnLoadAttributes (633ms)
				ProcessInitializeOnLoadMethodAttributes (14ms)
				AfterProcessingInitializeOnLoad (6ms)
				EditorAssembliesLoaded (0ms)
			ExecutionOrderSort2 (0ms)
			AwakeInstancesAfterBackupRestoration (5ms)
Platform modules already initialized, skipping
Refreshing native plugins compatible for Editor in 0.68 ms, found 3 plugins.
Preloading 0 native plugins for Editor in 0.00 ms.
Unloading 3558 Unused Serialized files (Serialized files now loaded: 0)
Unloading 37 unused Assets / (1.8 MB). Loaded Objects now: 4171.
Memory consumption went from 142.3 MB to 140.5 MB.
Total: 2.944800 ms (FindLiveObjects: 0.241700 ms CreateObjectMapping: 0.093300 ms MarkObjects: 2.316800 ms  DeleteObjects: 0.292200 ms)

AssetImportParameters requested are different than current active one (requested -> active):
  custom:video-decoder-ogg-theora: a1e56fd34408186e4bbccfd4996cb3dc -> 
  custom:container-muxer-webm: aa71ff27fc2769a1b78a27578f13a17b -> 
  custom:container-demuxer-webm: 4f35f7cbe854078d1ac9338744f61a02 -> 
  custom:video-encoder-webm-vp8: eb34c28f22e8b96e1ab97ce403110664 -> 
  custom:video-codec-MediaFoundation-h265: 746d11721c4dcdbdad8f713fa42b33f4 -> 
  custom:CustomObjectIndexerAttribute: bc11b3a6c3213fcdd17b65e7da85e133 -> 
  custom:audio-encoder-webm-vorbis: bf7c407c2cedff20999df2af8eb42d56 -> 
  custom:framework-win-MediaFoundation: 216162199b28c13a410421893ffa2e32 -> 
  custom:SearchIndexIgnoredProperties: e643bd26f0fe6173181afceb89e7c659 -> 
  custom:container-demuxer-ogg: 62fdf1f143b41e24485cea50d1cbac27 -> 
  custom:video-decoder-webm-vp8: 9c59270c3fd7afecdb556c50c9e8de78 -> 
  custom:audio-decoder-ogg-vorbis: bf7c407c2cedff20999df2af8eb42d56 -> 
========================================================================
Received Prepare
Registering precompiled user dll's ...
Registered in 0.005150 seconds.
Begin MonoManager ReloadAssembly
Native extension for WindowsStandalone target not found
Native extension for Android target not found
Refreshing native plugins compatible for Editor in 0.47 ms, found 3 plugins.
Preloading 0 native plugins for Editor in 0.00 ms.
[Package Manager] Server::EnsureServerProcessIsRunning -- launch failed, reason: Unity was launched with the -noUpm command-line argument
[Package Manager] Cannot connect to Unity Package Manager local server
Mono: successfully reloaded assembly
- Completed reload, in  1.117 seconds
Domain Reload Profiling:
	ReloadAssembly (1117ms)
		BeginReloadAssembly (98ms)
			ExecutionOrderSort (0ms)
			DisableScriptedObjects (2ms)
			BackupInstance (0ms)
			ReleaseScriptingObjects (0ms)
			CreateAndSetChildDomain (28ms)
		EndReloadAssembly (964ms)
			LoadAssemblies (61ms)
			RebuildTransferFunctionScriptingTraits (0ms)
			SetupTypeCache (166ms)
			ReleaseScriptCaches (1ms)
			RebuildScriptCaches (26ms)
			SetupLoadedEditorAssemblies (695ms)
				LogAssemblyErrors (0ms)
				InitializePlatformSupportModulesInManaged (9ms)
				SetLoadedEditorAssemblies (0ms)
				RefreshPlugins (1ms)
				BeforeProcessingInitializeOnLoad (37ms)
				ProcessInitializeOnLoadAttributes (627ms)
				ProcessInitializeOnLoadMethodAttributes (14ms)
				AfterProcessingInitializeOnLoad (6ms)
				EditorAssembliesLoaded (0ms)
			ExecutionOrderSort2 (0ms)
			AwakeInstancesAfterBackupRestoration (4ms)
Platform modules already initialized, skipping
Refreshing native plugins compatible for Editor in 0.67 ms, found 3 plugins.
Preloading 0 native plugins for Editor in 0.00 ms.
Unloading 3558 Unused Serialized files (Serialized files now loaded: 0)
Unloading 37 unused Assets / (1.8 MB). Loaded Objects now: 4175.
Memory consumption went from 142.3 MB to 140.6 MB.
Total: 3.102800 ms (FindLiveObjects: 0.246800 ms CreateObjectMapping: 0.079400 ms MarkObjects: 2.478000 ms  DeleteObjects: 0.297500 ms)

AssetImportParameters requested are different than current active one (requested -> active):
  custom:video-decoder-ogg-theora: a1e56fd34408186e4bbccfd4996cb3dc -> 
  custom:container-muxer-webm: aa71ff27fc2769a1b78a27578f13a17b -> 
  custom:container-demuxer-webm: 4f35f7cbe854078d1ac9338744f61a02 -> 
  custom:video-encoder-webm-vp8: eb34c28f22e8b96e1ab97ce403110664 -> 
  custom:video-codec-MediaFoundation-h265: 746d11721c4dcdbdad8f713fa42b33f4 -> 
  custom:CustomObjectIndexerAttribute: bc11b3a6c3213fcdd17b65e7da85e133 -> 
  custom:audio-encoder-webm-vorbis: bf7c407c2cedff20999df2af8eb42d56 -> 
  custom:framework-win-MediaFoundation: 216162199b28c13a410421893ffa2e32 -> 
  custom:SearchIndexIgnoredProperties: e643bd26f0fe6173181afceb89e7c659 -> 
  custom:container-demuxer-ogg: 62fdf1f143b41e24485cea50d1cbac27 -> 
  custom:video-decoder-webm-vp8: 9c59270c3fd7afecdb556c50c9e8de78 -> 
  custom:audio-decoder-ogg-vorbis: bf7c407c2cedff20999df2af8eb42d56 -> 
========================================================================
Received Prepare
Registering precompiled user dll's ...
Registered in 0.005439 seconds.
Begin MonoManager ReloadAssembly
Native extension for WindowsStandalone target not found
Native extension for Android target not found
Refreshing native plugins compatible for Editor in 0.60 ms, found 3 plugins.
Preloading 0 native plugins for Editor in 0.00 ms.
[Package Manager] Server::EnsureServerProcessIsRunning -- launch failed, reason: Unity was launched with the -noUpm command-line argument
[Package Manager] Cannot connect to Unity Package Manager local server
Mono: successfully reloaded assembly
- Completed reload, in  1.119 seconds
Domain Reload Profiling:
	ReloadAssembly (1119ms)
		BeginReloadAssembly (99ms)
			ExecutionOrderSort (0ms)
			DisableScriptedObjects (2ms)
			BackupInstance (0ms)
			ReleaseScriptingObjects (0ms)
			CreateAndSetChildDomain (28ms)
		EndReloadAssembly (965ms)
			LoadAssemblies (60ms)
			RebuildTransferFunctionScriptingTraits (0ms)
			SetupTypeCache (164ms)
			ReleaseScriptCaches (1ms)
			RebuildScriptCaches (25ms)
			SetupLoadedEditorAssemblies (700ms)
				LogAssemblyErrors (0ms)
				InitializePlatformSupportModulesInManaged (9ms)
				SetLoadedEditorAssemblies (0ms)
				RefreshPlugins (1ms)
				BeforeProcessingInitializeOnLoad (35ms)
				ProcessInitializeOnLoadAttributes (634ms)
				ProcessInitializeOnLoadMethodAttributes (14ms)
				AfterProcessingInitializeOnLoad (6ms)
				EditorAssembliesLoaded (0ms)
			ExecutionOrderSort2 (0ms)
			AwakeInstancesAfterBackupRestoration (5ms)
Platform modules already initialized, skipping
Refreshing native plugins compatible for Editor in 0.96 ms, found 3 plugins.
Preloading 0 native plugins for Editor in 0.00 ms.
Unloading 3558 Unused Serialized files (Serialized files now loaded: 0)
Unloading 37 unused Assets / (1.8 MB). Loaded Objects now: 4179.
Memory consumption went from 142.4 MB to 140.6 MB.
Total: 2.866400 ms (FindLiveObjects: 0.242400 ms CreateObjectMapping: 0.074600 ms MarkObjects: 2.271000 ms  DeleteObjects: 0.277400 ms)

AssetImportParameters requested are different than current active one (requested -> active):
  custom:video-decoder-ogg-theora: a1e56fd34408186e4bbccfd4996cb3dc -> 
  custom:container-muxer-webm: aa71ff27fc2769a1b78a27578f13a17b -> 
  custom:container-demuxer-webm: 4f35f7cbe854078d1ac9338744f61a02 -> 
  custom:video-encoder-webm-vp8: eb34c28f22e8b96e1ab97ce403110664 -> 
  custom:video-codec-MediaFoundation-h265: 746d11721c4dcdbdad8f713fa42b33f4 -> 
  custom:CustomObjectIndexerAttribute: bc11b3a6c3213fcdd17b65e7da85e133 -> 
  custom:audio-encoder-webm-vorbis: bf7c407c2cedff20999df2af8eb42d56 -> 
  custom:framework-win-MediaFoundation: 216162199b28c13a410421893ffa2e32 -> 
  custom:SearchIndexIgnoredProperties: e643bd26f0fe6173181afceb89e7c659 -> 
  custom:container-demuxer-ogg: 62fdf1f143b41e24485cea50d1cbac27 -> 
  custom:video-decoder-webm-vp8: 9c59270c3fd7afecdb556c50c9e8de78 -> 
  custom:audio-decoder-ogg-vorbis: bf7c407c2cedff20999df2af8eb42d56 -> 
========================================================================
Received Prepare
Registering precompiled user dll's ...
Registered in 0.005362 seconds.
Begin MonoManager ReloadAssembly
Native extension for WindowsStandalone target not found
Native extension for Android target not found
Refreshing native plugins compatible for Editor in 0.74 ms, found 3 plugins.
Preloading 0 native plugins for Editor in 0.00 ms.
[Package Manager] Server::EnsureServerProcessIsRunning -- launch failed, reason: Unity was launched with the -noUpm command-line argument
[Package Manager] Cannot connect to Unity Package Manager local server
Mono: successfully reloaded assembly
- Completed reload, in  1.113 seconds
Domain Reload Profiling:
	ReloadAssembly (1113ms)
		BeginReloadAssembly (100ms)
			ExecutionOrderSort (0ms)
			DisableScriptedObjects (2ms)
			BackupInstance (0ms)
			ReleaseScriptingObjects (0ms)
			CreateAndSetChildDomain (29ms)
		EndReloadAssembly (953ms)
			LoadAssemblies (63ms)
			RebuildTransferFunctionScriptingTraits (0ms)
			SetupTypeCache (161ms)
			ReleaseScriptCaches (1ms)
			RebuildScriptCaches (25ms)
			SetupLoadedEditorAssemblies (690ms)
				LogAssemblyErrors (0ms)
				InitializePlatformSupportModulesInManaged (10ms)
				SetLoadedEditorAssemblies (0ms)
				RefreshPlugins (1ms)
				BeforeProcessingInitializeOnLoad (36ms)
				ProcessInitializeOnLoadAttributes (623ms)
				ProcessInitializeOnLoadMethodAttributes (14ms)
				AfterProcessingInitializeOnLoad (6ms)
				EditorAssembliesLoaded (0ms)
			ExecutionOrderSort2 (0ms)
			AwakeInstancesAfterBackupRestoration (6ms)
Platform modules already initialized, skipping
Refreshing native plugins compatible for Editor in 0.64 ms, found 3 plugins.
Preloading 0 native plugins for Editor in 0.00 ms.
Unloading 3558 Unused Serialized files (Serialized files now loaded: 0)
Unloading 37 unused Assets / (1.8 MB). Loaded Objects now: 4183.
Memory consumption went from 142.4 MB to 140.6 MB.
Total: 2.813600 ms (FindLiveObjects: 0.263300 ms CreateObjectMapping: 0.097600 ms MarkObjects: 2.169400 ms  DeleteObjects: 0.282500 ms)

AssetImportParameters requested are different than current active one (requested -> active):
  custom:video-decoder-ogg-theora: a1e56fd34408186e4bbccfd4996cb3dc -> 
  custom:container-muxer-webm: aa71ff27fc2769a1b78a27578f13a17b -> 
  custom:container-demuxer-webm: 4f35f7cbe854078d1ac9338744f61a02 -> 
  custom:video-encoder-webm-vp8: eb34c28f22e8b96e1ab97ce403110664 -> 
  custom:video-codec-MediaFoundation-h265: 746d11721c4dcdbdad8f713fa42b33f4 -> 
  custom:CustomObjectIndexerAttribute: bc11b3a6c3213fcdd17b65e7da85e133 -> 
  custom:audio-encoder-webm-vorbis: bf7c407c2cedff20999df2af8eb42d56 -> 
  custom:framework-win-MediaFoundation: 216162199b28c13a410421893ffa2e32 -> 
  custom:SearchIndexIgnoredProperties: e643bd26f0fe6173181afceb89e7c659 -> 
  custom:container-demuxer-ogg: 62fdf1f143b41e24485cea50d1cbac27 -> 
  custom:video-decoder-webm-vp8: 9c59270c3fd7afecdb556c50c9e8de78 -> 
  custom:audio-decoder-ogg-vorbis: bf7c407c2cedff20999df2af8eb42d56 -> 
========================================================================
Received Prepare
Registering precompiled user dll's ...
Registered in 0.004729 seconds.
Begin MonoManager ReloadAssembly
Native extension for WindowsStandalone target not found
Native extension for Android target not found
Refreshing native plugins compatible for Editor in 0.68 ms, found 3 plugins.
Preloading 0 native plugins for Editor in 0.00 ms.
[Package Manager] Server::EnsureServerProcessIsRunning -- launch failed, reason: Unity was launched with the -noUpm command-line argument
[Package Manager] Cannot connect to Unity Package Manager local server
Mono: successfully reloaded assembly
- Completed reload, in  1.115 seconds
Domain Reload Profiling:
	ReloadAssembly (1115ms)
		BeginReloadAssembly (96ms)
			ExecutionOrderSort (0ms)
			DisableScriptedObjects (2ms)
			BackupInstance (0ms)
			ReleaseScriptingObjects (0ms)
			CreateAndSetChildDomain (27ms)
		EndReloadAssembly (959ms)
			LoadAssemblies (59ms)
			RebuildTransferFunctionScriptingTraits (0ms)
			SetupTypeCache (168ms)
			ReleaseScriptCaches (1ms)
			RebuildScriptCaches (25ms)
			SetupLoadedEditorAssemblies (692ms)
				LogAssemblyErrors (0ms)
				InitializePlatformSupportModulesInManaged (10ms)
				SetLoadedEditorAssemblies (0ms)
				RefreshPlugins (1ms)
				BeforeProcessingInitializeOnLoad (35ms)
				ProcessInitializeOnLoadAttributes (627ms)
				ProcessInitializeOnLoadMethodAttributes (13ms)
				AfterProcessingInitializeOnLoad (6ms)
				EditorAssembliesLoaded (0ms)
			ExecutionOrderSort2 (0ms)
			AwakeInstancesAfterBackupRestoration (4ms)
Platform modules already initialized, skipping
Refreshing native plugins compatible for Editor in 0.66 ms, found 3 plugins.
Preloading 0 native plugins for Editor in 0.00 ms.
Unloading 3558 Unused Serialized files (Serialized files now loaded: 0)
Unloading 37 unused Assets / (1.8 MB). Loaded Objects now: 4187.
Memory consumption went from 142.4 MB to 140.6 MB.
Total: 2.831800 ms (FindLiveObjects: 0.295100 ms CreateObjectMapping: 0.097900 ms MarkObjects: 2.139000 ms  DeleteObjects: 0.298700 ms)

AssetImportParameters requested are different than current active one (requested -> active):
  custom:video-decoder-ogg-theora: a1e56fd34408186e4bbccfd4996cb3dc -> 
  custom:container-muxer-webm: aa71ff27fc2769a1b78a27578f13a17b -> 
  custom:container-demuxer-webm: 4f35f7cbe854078d1ac9338744f61a02 -> 
  custom:video-encoder-webm-vp8: eb34c28f22e8b96e1ab97ce403110664 -> 
  custom:video-codec-MediaFoundation-h265: 746d11721c4dcdbdad8f713fa42b33f4 -> 
  custom:CustomObjectIndexerAttribute: bc11b3a6c3213fcdd17b65e7da85e133 -> 
  custom:audio-encoder-webm-vorbis: bf7c407c2cedff20999df2af8eb42d56 -> 
  custom:framework-win-MediaFoundation: 216162199b28c13a410421893ffa2e32 -> 
  custom:SearchIndexIgnoredProperties: e643bd26f0fe6173181afceb89e7c659 -> 
  custom:container-demuxer-ogg: 62fdf1f143b41e24485cea50d1cbac27 -> 
  custom:video-decoder-webm-vp8: 9c59270c3fd7afecdb556c50c9e8de78 -> 
  custom:audio-decoder-ogg-vorbis: bf7c407c2cedff20999df2af8eb42d56 -> 
========================================================================
Received Prepare
Registering precompiled user dll's ...
Registered in 0.005030 seconds.
Begin MonoManager ReloadAssembly
Native extension for WindowsStandalone target not found
Native extension for Android target not found
Refreshing native plugins compatible for Editor in 0.62 ms, found 3 plugins.
Preloading 0 native plugins for Editor in 0.00 ms.
[Package Manager] Server::EnsureServerProcessIsRunning -- launch failed, reason: Unity was launched with the -noUpm command-line argument
[Package Manager] Cannot connect to Unity Package Manager local server
Mono: successfully reloaded assembly
- Completed reload, in  1.111 seconds
Domain Reload Profiling:
	ReloadAssembly (1112ms)
		BeginReloadAssembly (101ms)
			ExecutionOrderSort (0ms)
			DisableScriptedObjects (2ms)
			BackupInstance (0ms)
			ReleaseScriptingObjects (0ms)
			CreateAndSetChildDomain (28ms)
		EndReloadAssembly (957ms)
			LoadAssemblies (62ms)
			RebuildTransferFunctionScriptingTraits (0ms)
			SetupTypeCache (160ms)
			ReleaseScriptCaches (1ms)
			RebuildScriptCaches (25ms)
			SetupLoadedEditorAssemblies (698ms)
				LogAssemblyErrors (0ms)
				InitializePlatformSupportModulesInManaged (9ms)
				SetLoadedEditorAssemblies (0ms)
				RefreshPlugins (1ms)
				BeforeProcessingInitializeOnLoad (37ms)
				ProcessInitializeOnLoadAttributes (632ms)
				ProcessInitializeOnLoadMethodAttributes (13ms)
				AfterProcessingInitializeOnLoad (5ms)
				EditorAssembliesLoaded (0ms)
			ExecutionOrderSort2 (0ms)
			AwakeInstancesAfterBackupRestoration (5ms)
Platform modules already initialized, skipping
Refreshing native plugins compatible for Editor in 0.65 ms, found 3 plugins.
Preloading 0 native plugins for Editor in 0.00 ms.
Unloading 3558 Unused Serialized files (Serialized files now loaded: 0)
Unloading 37 unused Assets / (1.8 MB). Loaded Objects now: 4191.
Memory consumption went from 142.4 MB to 140.6 MB.
Total: 2.843900 ms (FindLiveObjects: 0.234400 ms CreateObjectMapping: 0.067700 ms MarkObjects: 2.252000 ms  DeleteObjects: 0.288800 ms)

AssetImportParameters requested are different than current active one (requested -> active):
  custom:video-decoder-ogg-theora: a1e56fd34408186e4bbccfd4996cb3dc -> 
  custom:container-muxer-webm: aa71ff27fc2769a1b78a27578f13a17b -> 
  custom:container-demuxer-webm: 4f35f7cbe854078d1ac9338744f61a02 -> 
  custom:video-encoder-webm-vp8: eb34c28f22e8b96e1ab97ce403110664 -> 
  custom:video-codec-MediaFoundation-h265: 746d11721c4dcdbdad8f713fa42b33f4 -> 
  custom:CustomObjectIndexerAttribute: bc11b3a6c3213fcdd17b65e7da85e133 -> 
  custom:audio-encoder-webm-vorbis: bf7c407c2cedff20999df2af8eb42d56 -> 
  custom:framework-win-MediaFoundation: 216162199b28c13a410421893ffa2e32 -> 
  custom:SearchIndexIgnoredProperties: e643bd26f0fe6173181afceb89e7c659 -> 
  custom:container-demuxer-ogg: 62fdf1f143b41e24485cea50d1cbac27 -> 
  custom:video-decoder-webm-vp8: 9c59270c3fd7afecdb556c50c9e8de78 -> 
  custom:audio-decoder-ogg-vorbis: bf7c407c2cedff20999df2af8eb42d56 -> 
========================================================================
Received Prepare
Registering precompiled user dll's ...
Registered in 0.005166 seconds.
Begin MonoManager ReloadAssembly
Native extension for WindowsStandalone target not found
Native extension for Android target not found
Refreshing native plugins compatible for Editor in 0.55 ms, found 3 plugins.
Preloading 0 native plugins for Editor in 0.00 ms.
[Package Manager] Server::EnsureServerProcessIsRunning -- launch failed, reason: Unity was launched with the -noUpm command-line argument
[Package Manager] Cannot connect to Unity Package Manager local server
Mono: successfully reloaded assembly
- Completed reload, in  1.090 seconds
Domain Reload Profiling:
	ReloadAssembly (1090ms)
		BeginReloadAssembly (95ms)
			ExecutionOrderSort (0ms)
			DisableScriptedObjects (2ms)
			BackupInstance (0ms)
			ReleaseScriptingObjects (0ms)
			CreateAndSetChildDomain (28ms)
		EndReloadAssembly (940ms)
			LoadAssemblies (57ms)
			RebuildTransferFunctionScriptingTraits (0ms)
			SetupTypeCache (159ms)
			ReleaseScriptCaches (1ms)
			RebuildScriptCaches (28ms)
			SetupLoadedEditorAssemblies (683ms)
				LogAssemblyErrors (0ms)
				InitializePlatformSupportModulesInManaged (9ms)
				SetLoadedEditorAssemblies (0ms)
				RefreshPlugins (1ms)
				BeforeProcessingInitializeOnLoad (33ms)
				ProcessInitializeOnLoadAttributes (621ms)
				ProcessInitializeOnLoadMethodAttributes (13ms)
				AfterProcessingInitializeOnLoad (5ms)
				EditorAssembliesLoaded (0ms)
			ExecutionOrderSort2 (0ms)
			AwakeInstancesAfterBackupRestoration (4ms)
Platform modules already initialized, skipping
Refreshing native plugins compatible for Editor in 0.69 ms, found 3 plugins.
Preloading 0 native plugins for Editor in 0.00 ms.
Unloading 3558 Unused Serialized files (Serialized files now loaded: 0)
Unloading 37 unused Assets / (1.8 MB). Loaded Objects now: 4195.
Memory consumption went from 142.4 MB to 140.6 MB.
Total: 2.721500 ms (FindLiveObjects: 0.230200 ms CreateObjectMapping: 0.068900 ms MarkObjects: 2.138100 ms  DeleteObjects: 0.283800 ms)

AssetImportParameters requested are different than current active one (requested -> active):
  custom:video-decoder-ogg-theora: a1e56fd34408186e4bbccfd4996cb3dc -> 
  custom:container-muxer-webm: aa71ff27fc2769a1b78a27578f13a17b -> 
  custom:container-demuxer-webm: 4f35f7cbe854078d1ac9338744f61a02 -> 
  custom:video-encoder-webm-vp8: eb34c28f22e8b96e1ab97ce403110664 -> 
  custom:video-codec-MediaFoundation-h265: 746d11721c4dcdbdad8f713fa42b33f4 -> 
  custom:CustomObjectIndexerAttribute: bc11b3a6c3213fcdd17b65e7da85e133 -> 
  custom:audio-encoder-webm-vorbis: bf7c407c2cedff20999df2af8eb42d56 -> 
  custom:framework-win-MediaFoundation: 216162199b28c13a410421893ffa2e32 -> 
  custom:SearchIndexIgnoredProperties: e643bd26f0fe6173181afceb89e7c659 -> 
  custom:container-demuxer-ogg: 62fdf1f143b41e24485cea50d1cbac27 -> 
  custom:video-decoder-webm-vp8: 9c59270c3fd7afecdb556c50c9e8de78 -> 
  custom:audio-decoder-ogg-vorbis: bf7c407c2cedff20999df2af8eb42d56 -> 
========================================================================
Received Prepare
Registering precompiled user dll's ...
Registered in 0.005304 seconds.
Begin MonoManager ReloadAssembly
Native extension for WindowsStandalone target not found
Native extension for Android target not found
Refreshing native plugins compatible for Editor in 0.65 ms, found 3 plugins.
Preloading 0 native plugins for Editor in 0.00 ms.
[Package Manager] Server::EnsureServerProcessIsRunning -- launch failed, reason: Unity was launched with the -noUpm command-line argument
[Package Manager] Cannot connect to Unity Package Manager local server
Mono: successfully reloaded assembly
- Completed reload, in  1.097 seconds
Domain Reload Profiling:
	ReloadAssembly (1098ms)
		BeginReloadAssembly (96ms)
			ExecutionOrderSort (0ms)
			DisableScriptedObjects (2ms)
			BackupInstance (0ms)
			ReleaseScriptingObjects (0ms)
			CreateAndSetChildDomain (27ms)
		EndReloadAssembly (946ms)
			LoadAssemblies (60ms)
			RebuildTransferFunctionScriptingTraits (0ms)
			SetupTypeCache (161ms)
			ReleaseScriptCaches (1ms)
			RebuildScriptCaches (26ms)
			SetupLoadedEditorAssemblies (684ms)
				LogAssemblyErrors (0ms)
				InitializePlatformSupportModulesInManaged (10ms)
				SetLoadedEditorAssemblies (0ms)
				RefreshPlugins (1ms)
				BeforeProcessingInitializeOnLoad (36ms)
				ProcessInitializeOnLoadAttributes (618ms)
				ProcessInitializeOnLoadMethodAttributes (14ms)
				AfterProcessingInitializeOnLoad (5ms)
				EditorAssembliesLoaded (0ms)
			ExecutionOrderSort2 (0ms)
			AwakeInstancesAfterBackupRestoration (4ms)
Platform modules already initialized, skipping
Refreshing native plugins compatible for Editor in 0.55 ms, found 3 plugins.
Preloading 0 native plugins for Editor in 0.00 ms.
Unloading 3558 Unused Serialized files (Serialized files now loaded: 0)
Unloading 37 unused Assets / (1.8 MB). Loaded Objects now: 4199.
Memory consumption went from 142.4 MB to 140.6 MB.
Total: 2.735900 ms (FindLiveObjects: 0.222600 ms CreateObjectMapping: 0.072400 ms MarkObjects: 2.164700 ms  DeleteObjects: 0.275600 ms)

AssetImportParameters requested are different than current active one (requested -> active):
  custom:video-decoder-ogg-theora: a1e56fd34408186e4bbccfd4996cb3dc -> 
  custom:container-muxer-webm: aa71ff27fc2769a1b78a27578f13a17b -> 
  custom:container-demuxer-webm: 4f35f7cbe854078d1ac9338744f61a02 -> 
  custom:video-encoder-webm-vp8: eb34c28f22e8b96e1ab97ce403110664 -> 
  custom:video-codec-MediaFoundation-h265: 746d11721c4dcdbdad8f713fa42b33f4 -> 
  custom:CustomObjectIndexerAttribute: bc11b3a6c3213fcdd17b65e7da85e133 -> 
  custom:audio-encoder-webm-vorbis: bf7c407c2cedff20999df2af8eb42d56 -> 
  custom:framework-win-MediaFoundation: 216162199b28c13a410421893ffa2e32 -> 
  custom:SearchIndexIgnoredProperties: e643bd26f0fe6173181afceb89e7c659 -> 
  custom:container-demuxer-ogg: 62fdf1f143b41e24485cea50d1cbac27 -> 
  custom:video-decoder-webm-vp8: 9c59270c3fd7afecdb556c50c9e8de78 -> 
  custom:audio-decoder-ogg-vorbis: bf7c407c2cedff20999df2af8eb42d56 -> 
========================================================================
Received Prepare
Registering precompiled user dll's ...
Registered in 0.005203 seconds.
Begin MonoManager ReloadAssembly
Native extension for WindowsStandalone target not found
Native extension for Android target not found
Refreshing native plugins compatible for Editor in 0.63 ms, found 3 plugins.
Preloading 0 native plugins for Editor in 0.00 ms.
[Package Manager] Server::EnsureServerProcessIsRunning -- launch failed, reason: Unity was launched with the -noUpm command-line argument
[Package Manager] Cannot connect to Unity Package Manager local server
Mono: successfully reloaded assembly
- Completed reload, in  1.071 seconds
Domain Reload Profiling:
	ReloadAssembly (1072ms)
		BeginReloadAssembly (96ms)
			ExecutionOrderSort (0ms)
			DisableScriptedObjects (2ms)
			BackupInstance (0ms)
			ReleaseScriptingObjects (0ms)
			CreateAndSetChildDomain (27ms)
		EndReloadAssembly (920ms)
			LoadAssemblies (60ms)
			RebuildTransferFunctionScriptingTraits (0ms)
			SetupTypeCache (159ms)
			ReleaseScriptCaches (1ms)
			RebuildScriptCaches (24ms)
			SetupLoadedEditorAssemblies (664ms)
				LogAssemblyErrors (0ms)
				InitializePlatformSupportModulesInManaged (10ms)
				SetLoadedEditorAssemblies (0ms)
				RefreshPlugins (1ms)
				BeforeProcessingInitializeOnLoad (34ms)
				ProcessInitializeOnLoadAttributes (603ms)
				ProcessInitializeOnLoadMethodAttributes (12ms)
				AfterProcessingInitializeOnLoad (5ms)
				EditorAssembliesLoaded (0ms)
			ExecutionOrderSort2 (0ms)
			AwakeInstancesAfterBackupRestoration (4ms)
Platform modules already initialized, skipping
Refreshing native plugins compatible for Editor in 0.64 ms, found 3 plugins.
Preloading 0 native plugins for Editor in 0.00 ms.
Unloading 3558 Unused Serialized files (Serialized files now loaded: 0)
Unloading 37 unused Assets / (1.8 MB). Loaded Objects now: 4203.
Memory consumption went from 142.4 MB to 140.6 MB.
Total: 2.892300 ms (FindLiveObjects: 0.261500 ms CreateObjectMapping: 0.085500 ms MarkObjects: 2.232300 ms  DeleteObjects: 0.312300 ms)

AssetImportParameters requested are different than current active one (requested -> active):
  custom:video-decoder-ogg-theora: a1e56fd34408186e4bbccfd4996cb3dc -> 
  custom:container-muxer-webm: aa71ff27fc2769a1b78a27578f13a17b -> 
  custom:container-demuxer-webm: 4f35f7cbe854078d1ac9338744f61a02 -> 
  custom:video-encoder-webm-vp8: eb34c28f22e8b96e1ab97ce403110664 -> 
  custom:video-codec-MediaFoundation-h265: 746d11721c4dcdbdad8f713fa42b33f4 -> 
  custom:CustomObjectIndexerAttribute: bc11b3a6c3213fcdd17b65e7da85e133 -> 
  custom:audio-encoder-webm-vorbis: bf7c407c2cedff20999df2af8eb42d56 -> 
  custom:framework-win-MediaFoundation: 216162199b28c13a410421893ffa2e32 -> 
  custom:SearchIndexIgnoredProperties: e643bd26f0fe6173181afceb89e7c659 -> 
  custom:container-demuxer-ogg: 62fdf1f143b41e24485cea50d1cbac27 -> 
  custom:video-decoder-webm-vp8: 9c59270c3fd7afecdb556c50c9e8de78 -> 
  custom:audio-decoder-ogg-vorbis: bf7c407c2cedff20999df2af8eb42d56 -> 
========================================================================
Received Prepare
Registering precompiled user dll's ...
Registered in 0.005271 seconds.
Begin MonoManager ReloadAssembly
Native extension for WindowsStandalone target not found
Native extension for Android target not found
Refreshing native plugins compatible for Editor in 0.75 ms, found 3 plugins.
Preloading 0 native plugins for Editor in 0.00 ms.
[Package Manager] Server::EnsureServerProcessIsRunning -- launch failed, reason: Unity was launched with the -noUpm command-line argument
[Package Manager] Cannot connect to Unity Package Manager local server
Mono: successfully reloaded assembly
- Completed reload, in  1.123 seconds
Domain Reload Profiling:
	ReloadAssembly (1123ms)
		BeginReloadAssembly (104ms)
			ExecutionOrderSort (0ms)
			DisableScriptedObjects (2ms)
			BackupInstance (0ms)
			ReleaseScriptingObjects (0ms)
			CreateAndSetChildDomain (29ms)
		EndReloadAssembly (956ms)
			LoadAssemblies (66ms)
			RebuildTransferFunctionScriptingTraits (0ms)
			SetupTypeCache (162ms)
			ReleaseScriptCaches (1ms)
			RebuildScriptCaches (26ms)
			SetupLoadedEditorAssemblies (689ms)
				LogAssemblyErrors (0ms)
				InitializePlatformSupportModulesInManaged (10ms)
				SetLoadedEditorAssemblies (0ms)
				RefreshPlugins (1ms)
				BeforeProcessingInitializeOnLoad (36ms)
				ProcessInitializeOnLoadAttributes (623ms)
				ProcessInitializeOnLoadMethodAttributes (14ms)
				AfterProcessingInitializeOnLoad (5ms)
				EditorAssembliesLoaded (0ms)
			ExecutionOrderSort2 (0ms)
			AwakeInstancesAfterBackupRestoration (4ms)
Platform modules already initialized, skipping
Refreshing native plugins compatible for Editor in 0.67 ms, found 3 plugins.
Preloading 0 native plugins for Editor in 0.00 ms.
Unloading 3558 Unused Serialized files (Serialized files now loaded: 0)
Unloading 37 unused Assets / (1.8 MB). Loaded Objects now: 4207.
Memory consumption went from 142.4 MB to 140.6 MB.
Total: 3.046200 ms (FindLiveObjects: 0.250200 ms CreateObjectMapping: 0.081900 ms MarkObjects: 2.413900 ms  DeleteObjects: 0.299200 ms)

AssetImportParameters requested are different than current active one (requested -> active):
  custom:video-decoder-ogg-theora: a1e56fd34408186e4bbccfd4996cb3dc -> 
  custom:container-muxer-webm: aa71ff27fc2769a1b78a27578f13a17b -> 
  custom:container-demuxer-webm: 4f35f7cbe854078d1ac9338744f61a02 -> 
  custom:video-encoder-webm-vp8: eb34c28f22e8b96e1ab97ce403110664 -> 
  custom:video-codec-MediaFoundation-h265: 746d11721c4dcdbdad8f713fa42b33f4 -> 
  custom:CustomObjectIndexerAttribute: bc11b3a6c3213fcdd17b65e7da85e133 -> 
  custom:audio-encoder-webm-vorbis: bf7c407c2cedff20999df2af8eb42d56 -> 
  custom:framework-win-MediaFoundation: 216162199b28c13a410421893ffa2e32 -> 
  custom:SearchIndexIgnoredProperties: e643bd26f0fe6173181afceb89e7c659 -> 
  custom:container-demuxer-ogg: 62fdf1f143b41e24485cea50d1cbac27 -> 
  custom:video-decoder-webm-vp8: 9c59270c3fd7afecdb556c50c9e8de78 -> 
  custom:audio-decoder-ogg-vorbis: bf7c407c2cedff20999df2af8eb42d56 -> 
========================================================================
Received Prepare
Registering precompiled user dll's ...
Registered in 0.005422 seconds.
Begin MonoManager ReloadAssembly
Native extension for WindowsStandalone target not found
Native extension for Android target not found
Refreshing native plugins compatible for Editor in 0.67 ms, found 3 plugins.
Preloading 0 native plugins for Editor in 0.00 ms.
[Package Manager] Server::EnsureServerProcessIsRunning -- launch failed, reason: Unity was launched with the -noUpm command-line argument
[Package Manager] Cannot connect to Unity Package Manager local server
Mono: successfully reloaded assembly
- Completed reload, in  1.120 seconds
Domain Reload Profiling:
	ReloadAssembly (1121ms)
		BeginReloadAssembly (99ms)
			ExecutionOrderSort (0ms)
			DisableScriptedObjects (2ms)
			BackupInstance (0ms)
			ReleaseScriptingObjects (0ms)
			CreateAndSetChildDomain (29ms)
		EndReloadAssembly (961ms)
			LoadAssemblies (60ms)
			RebuildTransferFunctionScriptingTraits (0ms)
			SetupTypeCache (163ms)
			ReleaseScriptCaches (1ms)
			RebuildScriptCaches (27ms)
			SetupLoadedEditorAssemblies (695ms)
				LogAssemblyErrors (0ms)
				InitializePlatformSupportModulesInManaged (10ms)
				SetLoadedEditorAssemblies (0ms)
				RefreshPlugins (1ms)
				BeforeProcessingInitializeOnLoad (35ms)
				ProcessInitializeOnLoadAttributes (628ms)
				ProcessInitializeOnLoadMethodAttributes (15ms)
				AfterProcessingInitializeOnLoad (6ms)
				EditorAssembliesLoaded (0ms)
			ExecutionOrderSort2 (0ms)
			AwakeInstancesAfterBackupRestoration (4ms)
Platform modules already initialized, skipping
Refreshing native plugins compatible for Editor in 0.70 ms, found 3 plugins.
Preloading 0 native plugins for Editor in 0.00 ms.
Unloading 3558 Unused Serialized files (Serialized files now loaded: 0)
Unloading 37 unused Assets / (1.8 MB). Loaded Objects now: 4211.
Memory consumption went from 142.4 MB to 140.6 MB.
Total: 3.143600 ms (FindLiveObjects: 0.262300 ms CreateObjectMapping: 0.084500 ms MarkObjects: 2.381200 ms  DeleteObjects: 0.414800 ms)

AssetImportParameters requested are different than current active one (requested -> active):
  custom:video-decoder-ogg-theora: a1e56fd34408186e4bbccfd4996cb3dc -> 
  custom:container-muxer-webm: aa71ff27fc2769a1b78a27578f13a17b -> 
  custom:container-demuxer-webm: 4f35f7cbe854078d1ac9338744f61a02 -> 
  custom:video-encoder-webm-vp8: eb34c28f22e8b96e1ab97ce403110664 -> 
  custom:video-codec-MediaFoundation-h265: 746d11721c4dcdbdad8f713fa42b33f4 -> 
  custom:CustomObjectIndexerAttribute: bc11b3a6c3213fcdd17b65e7da85e133 -> 
  custom:audio-encoder-webm-vorbis: bf7c407c2cedff20999df2af8eb42d56 -> 
  custom:framework-win-MediaFoundation: 216162199b28c13a410421893ffa2e32 -> 
  custom:SearchIndexIgnoredProperties: e643bd26f0fe6173181afceb89e7c659 -> 
  custom:container-demuxer-ogg: 62fdf1f143b41e24485cea50d1cbac27 -> 
  custom:video-decoder-webm-vp8: 9c59270c3fd7afecdb556c50c9e8de78 -> 
  custom:audio-decoder-ogg-vorbis: bf7c407c2cedff20999df2af8eb42d56 -> 
========================================================================
Received Prepare
Registering precompiled user dll's ...
Registered in 0.005086 seconds.
Begin MonoManager ReloadAssembly
Native extension for WindowsStandalone target not found
Native extension for Android target not found
Refreshing native plugins compatible for Editor in 0.61 ms, found 3 plugins.
Preloading 0 native plugins for Editor in 0.00 ms.
[Package Manager] Server::EnsureServerProcessIsRunning -- launch failed, reason: Unity was launched with the -noUpm command-line argument
[Package Manager] Cannot connect to Unity Package Manager local server
Mono: successfully reloaded assembly
- Completed reload, in  1.100 seconds
Domain Reload Profiling:
	ReloadAssembly (1101ms)
		BeginReloadAssembly (97ms)
			ExecutionOrderSort (0ms)
			DisableScriptedObjects (2ms)
			BackupInstance (0ms)
			ReleaseScriptingObjects (0ms)
			CreateAndSetChildDomain (28ms)
		EndReloadAssembly (949ms)
			LoadAssemblies (60ms)
			RebuildTransferFunctionScriptingTraits (0ms)
			SetupTypeCache (159ms)
			ReleaseScriptCaches (1ms)
			RebuildScriptCaches (25ms)
			SetupLoadedEditorAssemblies (690ms)
				LogAssemblyErrors (0ms)
				InitializePlatformSupportModulesInManaged (10ms)
				SetLoadedEditorAssemblies (0ms)
				RefreshPlugins (1ms)
				BeforeProcessingInitializeOnLoad (34ms)
				ProcessInitializeOnLoadAttributes (626ms)
				ProcessInitializeOnLoadMethodAttributes (13ms)
				AfterProcessingInitializeOnLoad (6ms)
				EditorAssembliesLoaded (0ms)
			ExecutionOrderSort2 (0ms)
			AwakeInstancesAfterBackupRestoration (5ms)
Platform modules already initialized, skipping
Refreshing native plugins compatible for Editor in 0.62 ms, found 3 plugins.
Preloading 0 native plugins for Editor in 0.00 ms.
Unloading 3558 Unused Serialized files (Serialized files now loaded: 0)
Unloading 37 unused Assets / (1.8 MB). Loaded Objects now: 4215.
Memory consumption went from 142.4 MB to 140.7 MB.
Total: 2.843900 ms (FindLiveObjects: 0.234700 ms CreateObjectMapping: 0.099700 ms MarkObjects: 2.136300 ms  DeleteObjects: 0.372300 ms)

AssetImportParameters requested are different than current active one (requested -> active):
  custom:video-decoder-ogg-theora: a1e56fd34408186e4bbccfd4996cb3dc -> 
  custom:container-muxer-webm: aa71ff27fc2769a1b78a27578f13a17b -> 
  custom:container-demuxer-webm: 4f35f7cbe854078d1ac9338744f61a02 -> 
  custom:video-encoder-webm-vp8: eb34c28f22e8b96e1ab97ce403110664 -> 
  custom:video-codec-MediaFoundation-h265: 746d11721c4dcdbdad8f713fa42b33f4 -> 
  custom:CustomObjectIndexerAttribute: bc11b3a6c3213fcdd17b65e7da85e133 -> 
  custom:audio-encoder-webm-vorbis: bf7c407c2cedff20999df2af8eb42d56 -> 
  custom:framework-win-MediaFoundation: 216162199b28c13a410421893ffa2e32 -> 
  custom:SearchIndexIgnoredProperties: e643bd26f0fe6173181afceb89e7c659 -> 
  custom:container-demuxer-ogg: 62fdf1f143b41e24485cea50d1cbac27 -> 
  custom:video-decoder-webm-vp8: 9c59270c3fd7afecdb556c50c9e8de78 -> 
  custom:audio-decoder-ogg-vorbis: bf7c407c2cedff20999df2af8eb42d56 -> 
========================================================================
Received Prepare
Registering precompiled user dll's ...
Registered in 0.005137 seconds.
Begin MonoManager ReloadAssembly
Native extension for WindowsStandalone target not found
Native extension for Android target not found
Refreshing native plugins compatible for Editor in 0.57 ms, found 3 plugins.
Preloading 0 native plugins for Editor in 0.00 ms.
[Package Manager] Server::EnsureServerProcessIsRunning -- launch failed, reason: Unity was launched with the -noUpm command-line argument
[Package Manager] Cannot connect to Unity Package Manager local server
Mono: successfully reloaded assembly
- Completed reload, in  1.110 seconds
Domain Reload Profiling:
	ReloadAssembly (1111ms)
		BeginReloadAssembly (102ms)
			ExecutionOrderSort (0ms)
			DisableScriptedObjects (2ms)
			BackupInstance (0ms)
			ReleaseScriptingObjects (0ms)
			CreateAndSetChildDomain (31ms)
		EndReloadAssembly (955ms)
			LoadAssemblies (61ms)
			RebuildTransferFunctionScriptingTraits (0ms)
			SetupTypeCache (164ms)
			ReleaseScriptCaches (1ms)
			RebuildScriptCaches (26ms)
			SetupLoadedEditorAssemblies (689ms)
				LogAssemblyErrors (0ms)
				InitializePlatformSupportModulesInManaged (11ms)
				SetLoadedEditorAssemblies (0ms)
				RefreshPlugins (1ms)
				BeforeProcessingInitializeOnLoad (34ms)
				ProcessInitializeOnLoadAttributes (624ms)
				ProcessInitializeOnLoadMethodAttributes (13ms)
				AfterProcessingInitializeOnLoad (6ms)
				EditorAssembliesLoaded (0ms)
			ExecutionOrderSort2 (0ms)
			AwakeInstancesAfterBackupRestoration (5ms)
Platform modules already initialized, skipping
Refreshing native plugins compatible for Editor in 0.73 ms, found 3 plugins.
Preloading 0 native plugins for Editor in 0.00 ms.
Unloading 3558 Unused Serialized files (Serialized files now loaded: 0)
Unloading 37 unused Assets / (1.8 MB). Loaded Objects now: 4219.
Memory consumption went from 142.5 MB to 140.7 MB.
Total: 3.076400 ms (FindLiveObjects: 0.262200 ms CreateObjectMapping: 0.106400 ms MarkObjects: 2.327300 ms  DeleteObjects: 0.379900 ms)

AssetImportParameters requested are different than current active one (requested -> active):
  custom:video-decoder-ogg-theora: a1e56fd34408186e4bbccfd4996cb3dc -> 
  custom:container-muxer-webm: aa71ff27fc2769a1b78a27578f13a17b -> 
  custom:container-demuxer-webm: 4f35f7cbe854078d1ac9338744f61a02 -> 
  custom:video-encoder-webm-vp8: eb34c28f22e8b96e1ab97ce403110664 -> 
  custom:video-codec-MediaFoundation-h265: 746d11721c4dcdbdad8f713fa42b33f4 -> 
  custom:CustomObjectIndexerAttribute: bc11b3a6c3213fcdd17b65e7da85e133 -> 
  custom:audio-encoder-webm-vorbis: bf7c407c2cedff20999df2af8eb42d56 -> 
  custom:framework-win-MediaFoundation: 216162199b28c13a410421893ffa2e32 -> 
  custom:SearchIndexIgnoredProperties: e643bd26f0fe6173181afceb89e7c659 -> 
  custom:container-demuxer-ogg: 62fdf1f143b41e24485cea50d1cbac27 -> 
  custom:video-decoder-webm-vp8: 9c59270c3fd7afecdb556c50c9e8de78 -> 
  custom:audio-decoder-ogg-vorbis: bf7c407c2cedff20999df2af8eb42d56 -> 
========================================================================
Received Prepare
Registering precompiled user dll's ...
Registered in 0.005375 seconds.
Begin MonoManager ReloadAssembly
Native extension for WindowsStandalone target not found
Native extension for Android target not found
Refreshing native plugins compatible for Editor in 0.76 ms, found 3 plugins.
Preloading 0 native plugins for Editor in 0.00 ms.
[Package Manager] Server::EnsureServerProcessIsRunning -- launch failed, reason: Unity was launched with the -noUpm command-line argument
[Package Manager] Cannot connect to Unity Package Manager local server
Mono: successfully reloaded assembly
- Completed reload, in  1.117 seconds
Domain Reload Profiling:
	ReloadAssembly (1117ms)
		BeginReloadAssembly (97ms)
			ExecutionOrderSort (0ms)
			DisableScriptedObjects (2ms)
			BackupInstance (0ms)
			ReleaseScriptingObjects (0ms)
			CreateAndSetChildDomain (27ms)
		EndReloadAssembly (965ms)
			LoadAssemblies (61ms)
			RebuildTransferFunctionScriptingTraits (0ms)
			SetupTypeCache (167ms)
			ReleaseScriptCaches (1ms)
			RebuildScriptCaches (25ms)
			SetupLoadedEditorAssemblies (698ms)
				LogAssemblyErrors (0ms)
				InitializePlatformSupportModulesInManaged (11ms)
				SetLoadedEditorAssemblies (0ms)
				RefreshPlugins (1ms)
				BeforeProcessingInitializeOnLoad (35ms)
				ProcessInitializeOnLoadAttributes (627ms)
				ProcessInitializeOnLoadMethodAttributes (17ms)
				AfterProcessingInitializeOnLoad (6ms)
				EditorAssembliesLoaded (0ms)
			ExecutionOrderSort2 (0ms)
			AwakeInstancesAfterBackupRestoration (4ms)
Platform modules already initialized, skipping
Refreshing native plugins compatible for Editor in 0.67 ms, found 3 plugins.
Preloading 0 native plugins for Editor in 0.00 ms.
Unloading 3558 Unused Serialized files (Serialized files now loaded: 0)
Unloading 37 unused Assets / (1.8 MB). Loaded Objects now: 4223.
Memory consumption went from 142.5 MB to 140.7 MB.
Total: 2.941900 ms (FindLiveObjects: 0.266500 ms CreateObjectMapping: 0.109500 ms MarkObjects: 2.289600 ms  DeleteObjects: 0.275700 ms)

AssetImportParameters requested are different than current active one (requested -> active):
  custom:video-decoder-ogg-theora: a1e56fd34408186e4bbccfd4996cb3dc -> 
  custom:container-muxer-webm: aa71ff27fc2769a1b78a27578f13a17b -> 
  custom:container-demuxer-webm: 4f35f7cbe854078d1ac9338744f61a02 -> 
  custom:video-encoder-webm-vp8: eb34c28f22e8b96e1ab97ce403110664 -> 
  custom:video-codec-MediaFoundation-h265: 746d11721c4dcdbdad8f713fa42b33f4 -> 
  custom:CustomObjectIndexerAttribute: bc11b3a6c3213fcdd17b65e7da85e133 -> 
  custom:audio-encoder-webm-vorbis: bf7c407c2cedff20999df2af8eb42d56 -> 
  custom:framework-win-MediaFoundation: 216162199b28c13a410421893ffa2e32 -> 
  custom:SearchIndexIgnoredProperties: e643bd26f0fe6173181afceb89e7c659 -> 
  custom:container-demuxer-ogg: 62fdf1f143b41e24485cea50d1cbac27 -> 
  custom:video-decoder-webm-vp8: 9c59270c3fd7afecdb556c50c9e8de78 -> 
  custom:audio-decoder-ogg-vorbis: bf7c407c2cedff20999df2af8eb42d56 -> 
========================================================================
Received Prepare
Registering precompiled user dll's ...
Registered in 0.005543 seconds.
Begin MonoManager ReloadAssembly
Native extension for WindowsStandalone target not found
Native extension for Android target not found
Refreshing native plugins compatible for Editor in 0.54 ms, found 3 plugins.
Preloading 0 native plugins for Editor in 0.00 ms.
[Package Manager] Server::EnsureServerProcessIsRunning -- launch failed, reason: Unity was launched with the -noUpm command-line argument
[Package Manager] Cannot connect to Unity Package Manager local server
Mono: successfully reloaded assembly
- Completed reload, in  1.111 seconds
Domain Reload Profiling:
	ReloadAssembly (1112ms)
		BeginReloadAssembly (99ms)
			ExecutionOrderSort (0ms)
			DisableScriptedObjects (3ms)
			BackupInstance (0ms)
			ReleaseScriptingObjects (0ms)
			CreateAndSetChildDomain (29ms)
		EndReloadAssembly (952ms)
			LoadAssemblies (61ms)
			RebuildTransferFunctionScriptingTraits (0ms)
			SetupTypeCache (158ms)
			ReleaseScriptCaches (1ms)
			RebuildScriptCaches (26ms)
			SetupLoadedEditorAssemblies (692ms)
				LogAssemblyErrors (0ms)
				InitializePlatformSupportModulesInManaged (10ms)
				SetLoadedEditorAssemblies (0ms)
				RefreshPlugins (1ms)
				BeforeProcessingInitializeOnLoad (36ms)
				ProcessInitializeOnLoadAttributes (626ms)
				ProcessInitializeOnLoadMethodAttributes (14ms)
				AfterProcessingInitializeOnLoad (5ms)
				EditorAssembliesLoaded (0ms)
			ExecutionOrderSort2 (0ms)
			AwakeInstancesAfterBackupRestoration (5ms)
Platform modules already initialized, skipping
Refreshing native plugins compatible for Editor in 0.64 ms, found 3 plugins.
Preloading 0 native plugins for Editor in 0.00 ms.
Unloading 3558 Unused Serialized files (Serialized files now loaded: 0)
Unloading 37 unused Assets / (1.8 MB). Loaded Objects now: 4227.
Memory consumption went from 142.5 MB to 140.7 MB.
Total: 2.840000 ms (FindLiveObjects: 0.238100 ms CreateObjectMapping: 0.072300 ms MarkObjects: 2.222500 ms  DeleteObjects: 0.306400 ms)

AssetImportParameters requested are different than current active one (requested -> active):
  custom:video-decoder-ogg-theora: a1e56fd34408186e4bbccfd4996cb3dc -> 
  custom:container-muxer-webm: aa71ff27fc2769a1b78a27578f13a17b -> 
  custom:container-demuxer-webm: 4f35f7cbe854078d1ac9338744f61a02 -> 
  custom:video-encoder-webm-vp8: eb34c28f22e8b96e1ab97ce403110664 -> 
  custom:video-codec-MediaFoundation-h265: 746d11721c4dcdbdad8f713fa42b33f4 -> 
  custom:CustomObjectIndexerAttribute: bc11b3a6c3213fcdd17b65e7da85e133 -> 
  custom:audio-encoder-webm-vorbis: bf7c407c2cedff20999df2af8eb42d56 -> 
  custom:framework-win-MediaFoundation: 216162199b28c13a410421893ffa2e32 -> 
  custom:SearchIndexIgnoredProperties: e643bd26f0fe6173181afceb89e7c659 -> 
  custom:container-demuxer-ogg: 62fdf1f143b41e24485cea50d1cbac27 -> 
  custom:video-decoder-webm-vp8: 9c59270c3fd7afecdb556c50c9e8de78 -> 
  custom:audio-decoder-ogg-vorbis: bf7c407c2cedff20999df2af8eb42d56 -> 
========================================================================
Received Prepare
Registering precompiled user dll's ...
Registered in 0.005290 seconds.
Begin MonoManager ReloadAssembly
Native extension for WindowsStandalone target not found
Native extension for Android target not found
Refreshing native plugins compatible for Editor in 0.64 ms, found 3 plugins.
Preloading 0 native plugins for Editor in 0.00 ms.
[Package Manager] Server::EnsureServerProcessIsRunning -- launch failed, reason: Unity was launched with the -noUpm command-line argument
[Package Manager] Cannot connect to Unity Package Manager local server
Mono: successfully reloaded assembly
- Completed reload, in  1.120 seconds
Domain Reload Profiling:
	ReloadAssembly (1121ms)
		BeginReloadAssembly (97ms)
			ExecutionOrderSort (0ms)
			DisableScriptedObjects (2ms)
			BackupInstance (0ms)
			ReleaseScriptingObjects (0ms)
			CreateAndSetChildDomain (28ms)
		EndReloadAssembly (965ms)
			LoadAssemblies (61ms)
			RebuildTransferFunctionScriptingTraits (0ms)
			SetupTypeCache (162ms)
			ReleaseScriptCaches (1ms)
			RebuildScriptCaches (26ms)
			SetupLoadedEditorAssemblies (700ms)
				LogAssemblyErrors (0ms)
				InitializePlatformSupportModulesInManaged (11ms)
				SetLoadedEditorAssemblies (0ms)
				RefreshPlugins (1ms)
				BeforeProcessingInitializeOnLoad (36ms)
				ProcessInitializeOnLoadAttributes (632ms)
				ProcessInitializeOnLoadMethodAttributes (13ms)
				AfterProcessingInitializeOnLoad (6ms)
				EditorAssembliesLoaded (0ms)
			ExecutionOrderSort2 (0ms)
			AwakeInstancesAfterBackupRestoration (5ms)
Platform modules already initialized, skipping
Refreshing native plugins compatible for Editor in 0.60 ms, found 3 plugins.
Preloading 0 native plugins for Editor in 0.00 ms.
Unloading 3558 Unused Serialized files (Serialized files now loaded: 0)
Unloading 37 unused Assets / (1.8 MB). Loaded Objects now: 4231.
Memory consumption went from 142.5 MB to 140.7 MB.
Total: 2.909800 ms (FindLiveObjects: 0.229400 ms CreateObjectMapping: 0.075100 ms MarkObjects: 2.206000 ms  DeleteObjects: 0.398600 ms)

AssetImportParameters requested are different than current active one (requested -> active):
  custom:video-decoder-ogg-theora: a1e56fd34408186e4bbccfd4996cb3dc -> 
  custom:container-muxer-webm: aa71ff27fc2769a1b78a27578f13a17b -> 
  custom:container-demuxer-webm: 4f35f7cbe854078d1ac9338744f61a02 -> 
  custom:video-encoder-webm-vp8: eb34c28f22e8b96e1ab97ce403110664 -> 
  custom:video-codec-MediaFoundation-h265: 746d11721c4dcdbdad8f713fa42b33f4 -> 
  custom:CustomObjectIndexerAttribute: bc11b3a6c3213fcdd17b65e7da85e133 -> 
  custom:audio-encoder-webm-vorbis: bf7c407c2cedff20999df2af8eb42d56 -> 
  custom:framework-win-MediaFoundation: 216162199b28c13a410421893ffa2e32 -> 
  custom:SearchIndexIgnoredProperties: e643bd26f0fe6173181afceb89e7c659 -> 
  custom:container-demuxer-ogg: 62fdf1f143b41e24485cea50d1cbac27 -> 
  custom:video-decoder-webm-vp8: 9c59270c3fd7afecdb556c50c9e8de78 -> 
  custom:audio-decoder-ogg-vorbis: bf7c407c2cedff20999df2af8eb42d56 -> 
========================================================================
Received Prepare
Registering precompiled user dll's ...
Registered in 0.005491 seconds.
Begin MonoManager ReloadAssembly
Native extension for WindowsStandalone target not found
Native extension for Android target not found
Refreshing native plugins compatible for Editor in 0.64 ms, found 3 plugins.
Preloading 0 native plugins for Editor in 0.00 ms.
[Package Manager] Server::EnsureServerProcessIsRunning -- launch failed, reason: Unity was launched with the -noUpm command-line argument
[Package Manager] Cannot connect to Unity Package Manager local server
Mono: successfully reloaded assembly
- Completed reload, in  1.135 seconds
Domain Reload Profiling:
	ReloadAssembly (1135ms)
		BeginReloadAssembly (98ms)
			ExecutionOrderSort (0ms)
			DisableScriptedObjects (4ms)
			BackupInstance (0ms)
			ReleaseScriptingObjects (0ms)
			CreateAndSetChildDomain (29ms)
		EndReloadAssembly (982ms)
			LoadAssemblies (59ms)
			RebuildTransferFunctionScriptingTraits (0ms)
			SetupTypeCache (168ms)
			ReleaseScriptCaches (1ms)
			RebuildScriptCaches (27ms)
			SetupLoadedEditorAssemblies (711ms)
				LogAssemblyErrors (0ms)
				InitializePlatformSupportModulesInManaged (11ms)
				SetLoadedEditorAssemblies (0ms)
				RefreshPlugins (1ms)
				BeforeProcessingInitializeOnLoad (37ms)
				ProcessInitializeOnLoadAttributes (643ms)
				ProcessInitializeOnLoadMethodAttributes (14ms)
				AfterProcessingInitializeOnLoad (5ms)
				EditorAssembliesLoaded (0ms)
			ExecutionOrderSort2 (0ms)
			AwakeInstancesAfterBackupRestoration (4ms)
Platform modules already initialized, skipping
Refreshing native plugins compatible for Editor in 0.86 ms, found 3 plugins.
Preloading 0 native plugins for Editor in 0.00 ms.
Unloading 3558 Unused Serialized files (Serialized files now loaded: 0)
Unloading 37 unused Assets / (1.8 MB). Loaded Objects now: 4235.
Memory consumption went from 142.5 MB to 140.7 MB.
Total: 2.760900 ms (FindLiveObjects: 0.225900 ms CreateObjectMapping: 0.062100 ms MarkObjects: 2.187200 ms  DeleteObjects: 0.284900 ms)

AssetImportParameters requested are different than current active one (requested -> active):
  custom:video-decoder-ogg-theora: a1e56fd34408186e4bbccfd4996cb3dc -> 
  custom:container-muxer-webm: aa71ff27fc2769a1b78a27578f13a17b -> 
  custom:container-demuxer-webm: 4f35f7cbe854078d1ac9338744f61a02 -> 
  custom:video-encoder-webm-vp8: eb34c28f22e8b96e1ab97ce403110664 -> 
  custom:video-codec-MediaFoundation-h265: 746d11721c4dcdbdad8f713fa42b33f4 -> 
  custom:CustomObjectIndexerAttribute: bc11b3a6c3213fcdd17b65e7da85e133 -> 
  custom:audio-encoder-webm-vorbis: bf7c407c2cedff20999df2af8eb42d56 -> 
  custom:framework-win-MediaFoundation: 216162199b28c13a410421893ffa2e32 -> 
  custom:SearchIndexIgnoredProperties: e643bd26f0fe6173181afceb89e7c659 -> 
  custom:container-demuxer-ogg: 62fdf1f143b41e24485cea50d1cbac27 -> 
  custom:video-decoder-webm-vp8: 9c59270c3fd7afecdb556c50c9e8de78 -> 
  custom:audio-decoder-ogg-vorbis: bf7c407c2cedff20999df2af8eb42d56 -> 
========================================================================
Received Prepare
Registering precompiled user dll's ...
Registered in 0.004693 seconds.
Begin MonoManager ReloadAssembly
Native extension for WindowsStandalone target not found
Native extension for Android target not found
Refreshing native plugins compatible for Editor in 0.64 ms, found 3 plugins.
Preloading 0 native plugins for Editor in 0.00 ms.
[Package Manager] Server::EnsureServerProcessIsRunning -- launch failed, reason: Unity was launched with the -noUpm command-line argument
[Package Manager] Cannot connect to Unity Package Manager local server
Mono: successfully reloaded assembly
- Completed reload, in  1.118 seconds
Domain Reload Profiling:
	ReloadAssembly (1118ms)
		BeginReloadAssembly (101ms)
			ExecutionOrderSort (0ms)
			DisableScriptedObjects (2ms)
			BackupInstance (0ms)
			ReleaseScriptingObjects (0ms)
			CreateAndSetChildDomain (29ms)
		EndReloadAssembly (962ms)
			LoadAssemblies (63ms)
			RebuildTransferFunctionScriptingTraits (0ms)
			SetupTypeCache (165ms)
			ReleaseScriptCaches (1ms)
			RebuildScriptCaches (25ms)
			SetupLoadedEditorAssemblies (695ms)
				LogAssemblyErrors (0ms)
				InitializePlatformSupportModulesInManaged (10ms)
				SetLoadedEditorAssemblies (0ms)
				RefreshPlugins (1ms)
				BeforeProcessingInitializeOnLoad (38ms)
				ProcessInitializeOnLoadAttributes (627ms)
				ProcessInitializeOnLoadMethodAttributes (14ms)
				AfterProcessingInitializeOnLoad (6ms)
				EditorAssembliesLoaded (0ms)
			ExecutionOrderSort2 (0ms)
			AwakeInstancesAfterBackupRestoration (5ms)
Platform modules already initialized, skipping
Refreshing native plugins compatible for Editor in 0.75 ms, found 3 plugins.
Preloading 0 native plugins for Editor in 0.00 ms.
Unloading 3558 Unused Serialized files (Serialized files now loaded: 0)
Unloading 37 unused Assets / (1.8 MB). Loaded Objects now: 4239.
Memory consumption went from 142.5 MB to 140.7 MB.
Total: 2.892700 ms (FindLiveObjects: 0.260200 ms CreateObjectMapping: 0.103000 ms MarkObjects: 2.249100 ms  DeleteObjects: 0.279600 ms)

AssetImportParameters requested are different than current active one (requested -> active):
  custom:video-decoder-ogg-theora: a1e56fd34408186e4bbccfd4996cb3dc -> 
  custom:container-muxer-webm: aa71ff27fc2769a1b78a27578f13a17b -> 
  custom:container-demuxer-webm: 4f35f7cbe854078d1ac9338744f61a02 -> 
  custom:video-encoder-webm-vp8: eb34c28f22e8b96e1ab97ce403110664 -> 
  custom:video-codec-MediaFoundation-h265: 746d11721c4dcdbdad8f713fa42b33f4 -> 
  custom:CustomObjectIndexerAttribute: bc11b3a6c3213fcdd17b65e7da85e133 -> 
  custom:audio-encoder-webm-vorbis: bf7c407c2cedff20999df2af8eb42d56 -> 
  custom:framework-win-MediaFoundation: 216162199b28c13a410421893ffa2e32 -> 
  custom:SearchIndexIgnoredProperties: e643bd26f0fe6173181afceb89e7c659 -> 
  custom:container-demuxer-ogg: 62fdf1f143b41e24485cea50d1cbac27 -> 
  custom:video-decoder-webm-vp8: 9c59270c3fd7afecdb556c50c9e8de78 -> 
  custom:audio-decoder-ogg-vorbis: bf7c407c2cedff20999df2af8eb42d56 -> 
========================================================================
Received Prepare
Registering precompiled user dll's ...
Registered in 0.004633 seconds.
Begin MonoManager ReloadAssembly
Native extension for WindowsStandalone target not found
Native extension for Android target not found
Refreshing native plugins compatible for Editor in 0.67 ms, found 3 plugins.
Preloading 0 native plugins for Editor in 0.00 ms.
[Package Manager] Server::EnsureServerProcessIsRunning -- launch failed, reason: Unity was launched with the -noUpm command-line argument
[Package Manager] Cannot connect to Unity Package Manager local server
Mono: successfully reloaded assembly
- Completed reload, in  1.141 seconds
Domain Reload Profiling:
	ReloadAssembly (1142ms)
		BeginReloadAssembly (99ms)
			ExecutionOrderSort (0ms)
			DisableScriptedObjects (2ms)
			BackupInstance (0ms)
			ReleaseScriptingObjects (0ms)
			CreateAndSetChildDomain (28ms)
		EndReloadAssembly (983ms)
			LoadAssemblies (63ms)
			RebuildTransferFunctionScriptingTraits (0ms)
			SetupTypeCache (170ms)
			ReleaseScriptCaches (1ms)
			RebuildScriptCaches (26ms)
			SetupLoadedEditorAssemblies (709ms)
				LogAssemblyErrors (0ms)
				InitializePlatformSupportModulesInManaged (10ms)
				SetLoadedEditorAssemblies (0ms)
				RefreshPlugins (1ms)
				BeforeProcessingInitializeOnLoad (36ms)
				ProcessInitializeOnLoadAttributes (642ms)
				ProcessInitializeOnLoadMethodAttributes (14ms)
				AfterProcessingInitializeOnLoad (6ms)
				EditorAssembliesLoaded (0ms)
			ExecutionOrderSort2 (0ms)
			AwakeInstancesAfterBackupRestoration (4ms)
Platform modules already initialized, skipping
Refreshing native plugins compatible for Editor in 0.91 ms, found 3 plugins.
Preloading 0 native plugins for Editor in 0.00 ms.
Unloading 3558 Unused Serialized files (Serialized files now loaded: 0)
Unloading 37 unused Assets / (1.8 MB). Loaded Objects now: 4243.
Memory consumption went from 142.5 MB to 140.7 MB.
Total: 3.080600 ms (FindLiveObjects: 0.284800 ms CreateObjectMapping: 0.096200 ms MarkObjects: 2.325200 ms  DeleteObjects: 0.373900 ms)

AssetImportParameters requested are different than current active one (requested -> active):
  custom:video-decoder-ogg-theora: a1e56fd34408186e4bbccfd4996cb3dc -> 
  custom:container-muxer-webm: aa71ff27fc2769a1b78a27578f13a17b -> 
  custom:container-demuxer-webm: 4f35f7cbe854078d1ac9338744f61a02 -> 
  custom:video-encoder-webm-vp8: eb34c28f22e8b96e1ab97ce403110664 -> 
  custom:video-codec-MediaFoundation-h265: 746d11721c4dcdbdad8f713fa42b33f4 -> 
  custom:CustomObjectIndexerAttribute: bc11b3a6c3213fcdd17b65e7da85e133 -> 
  custom:audio-encoder-webm-vorbis: bf7c407c2cedff20999df2af8eb42d56 -> 
  custom:framework-win-MediaFoundation: 216162199b28c13a410421893ffa2e32 -> 
  custom:SearchIndexIgnoredProperties: e643bd26f0fe6173181afceb89e7c659 -> 
  custom:container-demuxer-ogg: 62fdf1f143b41e24485cea50d1cbac27 -> 
  custom:video-decoder-webm-vp8: 9c59270c3fd7afecdb556c50c9e8de78 -> 
  custom:audio-decoder-ogg-vorbis: bf7c407c2cedff20999df2af8eb42d56 -> 
========================================================================
Received Prepare
Registering precompiled user dll's ...
Registered in 0.005313 seconds.
Begin MonoManager ReloadAssembly
Native extension for WindowsStandalone target not found
Native extension for Android target not found
Refreshing native plugins compatible for Editor in 0.68 ms, found 3 plugins.
Preloading 0 native plugins for Editor in 0.00 ms.
[Package Manager] Server::EnsureServerProcessIsRunning -- launch failed, reason: Unity was launched with the -noUpm command-line argument
[Package Manager] Cannot connect to Unity Package Manager local server
Mono: successfully reloaded assembly
- Completed reload, in  1.126 seconds
Domain Reload Profiling:
	ReloadAssembly (1126ms)
		BeginReloadAssembly (100ms)
			ExecutionOrderSort (0ms)
			DisableScriptedObjects (3ms)
			BackupInstance (0ms)
			ReleaseScriptingObjects (0ms)
			CreateAndSetChildDomain (29ms)
		EndReloadAssembly (965ms)
			LoadAssemblies (62ms)
			RebuildTransferFunctionScriptingTraits (0ms)
			SetupTypeCache (162ms)
			ReleaseScriptCaches (1ms)
			RebuildScriptCaches (26ms)
			SetupLoadedEditorAssemblies (700ms)
				LogAssemblyErrors (0ms)
				InitializePlatformSupportModulesInManaged (10ms)
				SetLoadedEditorAssemblies (0ms)
				RefreshPlugins (1ms)
				BeforeProcessingInitializeOnLoad (36ms)
				ProcessInitializeOnLoadAttributes (634ms)
				ProcessInitializeOnLoadMethodAttributes (13ms)
				AfterProcessingInitializeOnLoad (6ms)
				EditorAssembliesLoaded (0ms)
			ExecutionOrderSort2 (0ms)
			AwakeInstancesAfterBackupRestoration (5ms)
Platform modules already initialized, skipping
Refreshing native plugins compatible for Editor in 0.62 ms, found 3 plugins.
Preloading 0 native plugins for Editor in 0.00 ms.
Unloading 3558 Unused Serialized files (Serialized files now loaded: 0)
Unloading 37 unused Assets / (1.8 MB). Loaded Objects now: 4247.
Memory consumption went from 142.5 MB to 140.7 MB.
Total: 2.844200 ms (FindLiveObjects: 0.240300 ms CreateObjectMapping: 0.071700 ms MarkObjects: 2.237800 ms  DeleteObjects: 0.293700 ms)

AssetImportParameters requested are different than current active one (requested -> active):
  custom:video-decoder-ogg-theora: a1e56fd34408186e4bbccfd4996cb3dc -> 
  custom:container-muxer-webm: aa71ff27fc2769a1b78a27578f13a17b -> 
  custom:container-demuxer-webm: 4f35f7cbe854078d1ac9338744f61a02 -> 
  custom:video-encoder-webm-vp8: eb34c28f22e8b96e1ab97ce403110664 -> 
  custom:video-codec-MediaFoundation-h265: 746d11721c4dcdbdad8f713fa42b33f4 -> 
  custom:CustomObjectIndexerAttribute: bc11b3a6c3213fcdd17b65e7da85e133 -> 
  custom:audio-encoder-webm-vorbis: bf7c407c2cedff20999df2af8eb42d56 -> 
  custom:framework-win-MediaFoundation: 216162199b28c13a410421893ffa2e32 -> 
  custom:SearchIndexIgnoredProperties: e643bd26f0fe6173181afceb89e7c659 -> 
  custom:container-demuxer-ogg: 62fdf1f143b41e24485cea50d1cbac27 -> 
  custom:video-decoder-webm-vp8: 9c59270c3fd7afecdb556c50c9e8de78 -> 
  custom:audio-decoder-ogg-vorbis: bf7c407c2cedff20999df2af8eb42d56 -> 
========================================================================
Received Prepare
Registering precompiled user dll's ...
Registered in 0.005352 seconds.
Begin MonoManager ReloadAssembly
Native extension for WindowsStandalone target not found
Native extension for Android target not found
Refreshing native plugins compatible for Editor in 0.59 ms, found 3 plugins.
Preloading 0 native plugins for Editor in 0.00 ms.
[Package Manager] Server::EnsureServerProcessIsRunning -- launch failed, reason: Unity was launched with the -noUpm command-line argument
[Package Manager] Cannot connect to Unity Package Manager local server
Mono: successfully reloaded assembly
- Completed reload, in  1.118 seconds
Domain Reload Profiling:
	ReloadAssembly (1119ms)
		BeginReloadAssembly (99ms)
			ExecutionOrderSort (0ms)
			DisableScriptedObjects (2ms)
			BackupInstance (0ms)
			ReleaseScriptingObjects (0ms)
			CreateAndSetChildDomain (28ms)
		EndReloadAssembly (963ms)
			LoadAssemblies (63ms)
			RebuildTransferFunctionScriptingTraits (0ms)
			SetupTypeCache (175ms)
			ReleaseScriptCaches (1ms)
			RebuildScriptCaches (26ms)
			SetupLoadedEditorAssemblies (683ms)
				LogAssemblyErrors (0ms)
				InitializePlatformSupportModulesInManaged (11ms)
				SetLoadedEditorAssemblies (0ms)
				RefreshPlugins (1ms)
				BeforeProcessingInitializeOnLoad (36ms)
				ProcessInitializeOnLoadAttributes (617ms)
				ProcessInitializeOnLoadMethodAttributes (12ms)
				AfterProcessingInitializeOnLoad (6ms)
				EditorAssembliesLoaded (0ms)
			ExecutionOrderSort2 (0ms)
			AwakeInstancesAfterBackupRestoration (4ms)
Platform modules already initialized, skipping
Refreshing native plugins compatible for Editor in 0.57 ms, found 3 plugins.
Preloading 0 native plugins for Editor in 0.00 ms.
Unloading 3558 Unused Serialized files (Serialized files now loaded: 0)
Unloading 37 unused Assets / (1.8 MB). Loaded Objects now: 4251.
Memory consumption went from 142.5 MB to 140.8 MB.
Total: 2.646600 ms (FindLiveObjects: 0.198400 ms CreateObjectMapping: 0.060400 ms MarkObjects: 2.123700 ms  DeleteObjects: 0.263300 ms)

AssetImportParameters requested are different than current active one (requested -> active):
  custom:video-decoder-ogg-theora: a1e56fd34408186e4bbccfd4996cb3dc -> 
  custom:container-muxer-webm: aa71ff27fc2769a1b78a27578f13a17b -> 
  custom:container-demuxer-webm: 4f35f7cbe854078d1ac9338744f61a02 -> 
  custom:video-encoder-webm-vp8: eb34c28f22e8b96e1ab97ce403110664 -> 
  custom:video-codec-MediaFoundation-h265: 746d11721c4dcdbdad8f713fa42b33f4 -> 
  custom:CustomObjectIndexerAttribute: bc11b3a6c3213fcdd17b65e7da85e133 -> 
  custom:audio-encoder-webm-vorbis: bf7c407c2cedff20999df2af8eb42d56 -> 
  custom:framework-win-MediaFoundation: 216162199b28c13a410421893ffa2e32 -> 
  custom:SearchIndexIgnoredProperties: e643bd26f0fe6173181afceb89e7c659 -> 
  custom:container-demuxer-ogg: 62fdf1f143b41e24485cea50d1cbac27 -> 
  custom:video-decoder-webm-vp8: 9c59270c3fd7afecdb556c50c9e8de78 -> 
  custom:audio-decoder-ogg-vorbis: bf7c407c2cedff20999df2af8eb42d56 -> 
========================================================================
Received Prepare
Registering precompiled user dll's ...
Registered in 0.005428 seconds.
Begin MonoManager ReloadAssembly
Native extension for WindowsStandalone target not found
Native extension for Android target not found
Refreshing native plugins compatible for Editor in 0.53 ms, found 3 plugins.
Preloading 0 native plugins for Editor in 0.00 ms.
[Package Manager] Server::EnsureServerProcessIsRunning -- launch failed, reason: Unity was launched with the -noUpm command-line argument
[Package Manager] Cannot connect to Unity Package Manager local server
Mono: successfully reloaded assembly
- Completed reload, in  1.131 seconds
Domain Reload Profiling:
	ReloadAssembly (1132ms)
		BeginReloadAssembly (99ms)
			ExecutionOrderSort (0ms)
			DisableScriptedObjects (2ms)
			BackupInstance (0ms)
			ReleaseScriptingObjects (0ms)
			CreateAndSetChildDomain (27ms)
		EndReloadAssembly (975ms)
			LoadAssemblies (65ms)
			RebuildTransferFunctionScriptingTraits (0ms)
			SetupTypeCache (171ms)
			ReleaseScriptCaches (1ms)
			RebuildScriptCaches (27ms)
			SetupLoadedEditorAssemblies (699ms)
				LogAssemblyErrors (0ms)
				InitializePlatformSupportModulesInManaged (9ms)
				SetLoadedEditorAssemblies (0ms)
				RefreshPlugins (1ms)
				BeforeProcessingInitializeOnLoad (36ms)
				ProcessInitializeOnLoadAttributes (632ms)
				ProcessInitializeOnLoadMethodAttributes (15ms)
				AfterProcessingInitializeOnLoad (6ms)
				EditorAssembliesLoaded (0ms)
			ExecutionOrderSort2 (0ms)
			AwakeInstancesAfterBackupRestoration (5ms)
Platform modules already initialized, skipping
Refreshing native plugins compatible for Editor in 0.69 ms, found 3 plugins.
Preloading 0 native plugins for Editor in 0.00 ms.
Unloading 3558 Unused Serialized files (Serialized files now loaded: 0)
Unloading 37 unused Assets / (1.8 MB). Loaded Objects now: 4255.
Memory consumption went from 142.6 MB to 140.8 MB.
Total: 3.021500 ms (FindLiveObjects: 0.268100 ms CreateObjectMapping: 0.080000 ms MarkObjects: 2.385100 ms  DeleteObjects: 0.287500 ms)

AssetImportParameters requested are different than current active one (requested -> active):
  custom:video-decoder-ogg-theora: a1e56fd34408186e4bbccfd4996cb3dc -> 
  custom:container-muxer-webm: aa71ff27fc2769a1b78a27578f13a17b -> 
  custom:container-demuxer-webm: 4f35f7cbe854078d1ac9338744f61a02 -> 
  custom:video-encoder-webm-vp8: eb34c28f22e8b96e1ab97ce403110664 -> 
  custom:video-codec-MediaFoundation-h265: 746d11721c4dcdbdad8f713fa42b33f4 -> 
  custom:CustomObjectIndexerAttribute: bc11b3a6c3213fcdd17b65e7da85e133 -> 
  custom:audio-encoder-webm-vorbis: bf7c407c2cedff20999df2af8eb42d56 -> 
  custom:framework-win-MediaFoundation: 216162199b28c13a410421893ffa2e32 -> 
  custom:SearchIndexIgnoredProperties: e643bd26f0fe6173181afceb89e7c659 -> 
  custom:container-demuxer-ogg: 62fdf1f143b41e24485cea50d1cbac27 -> 
  custom:video-decoder-webm-vp8: 9c59270c3fd7afecdb556c50c9e8de78 -> 
  custom:audio-decoder-ogg-vorbis: bf7c407c2cedff20999df2af8eb42d56 -> 
========================================================================
Received Prepare
Registering precompiled user dll's ...
Registered in 0.005459 seconds.
Begin MonoManager ReloadAssembly
Native extension for WindowsStandalone target not found
Native extension for Android target not found
Refreshing native plugins compatible for Editor in 0.60 ms, found 3 plugins.
Preloading 0 native plugins for Editor in 0.00 ms.
[Package Manager] Server::EnsureServerProcessIsRunning -- launch failed, reason: Unity was launched with the -noUpm command-line argument
[Package Manager] Cannot connect to Unity Package Manager local server
Mono: successfully reloaded assembly
- Completed reload, in  1.118 seconds
Domain Reload Profiling:
	ReloadAssembly (1119ms)
		BeginReloadAssembly (98ms)
			ExecutionOrderSort (0ms)
			DisableScriptedObjects (2ms)
			BackupInstance (0ms)
			ReleaseScriptingObjects (0ms)
			CreateAndSetChildDomain (30ms)
		EndReloadAssembly (964ms)
			LoadAssemblies (59ms)
			RebuildTransferFunctionScriptingTraits (0ms)
			SetupTypeCache (161ms)
			ReleaseScriptCaches (1ms)
			RebuildScriptCaches (25ms)
			SetupLoadedEditorAssemblies (703ms)
				LogAssemblyErrors (0ms)
				InitializePlatformSupportModulesInManaged (10ms)
				SetLoadedEditorAssemblies (0ms)
				RefreshPlugins (1ms)
				BeforeProcessingInitializeOnLoad (36ms)
				ProcessInitializeOnLoadAttributes (634ms)
				ProcessInitializeOnLoadMethodAttributes (15ms)
				AfterProcessingInitializeOnLoad (6ms)
				EditorAssembliesLoaded (0ms)
			ExecutionOrderSort2 (0ms)
			AwakeInstancesAfterBackupRestoration (5ms)
Platform modules already initialized, skipping
Refreshing native plugins compatible for Editor in 0.63 ms, found 3 plugins.
Preloading 0 native plugins for Editor in 0.00 ms.
Unloading 3558 Unused Serialized files (Serialized files now loaded: 0)
Unloading 37 unused Assets / (1.8 MB). Loaded Objects now: 4259.
Memory consumption went from 142.6 MB to 140.8 MB.
Total: 2.999900 ms (FindLiveObjects: 0.244400 ms CreateObjectMapping: 0.082000 ms MarkObjects: 2.386200 ms  DeleteObjects: 0.286500 ms)

AssetImportParameters requested are different than current active one (requested -> active):
  custom:video-decoder-ogg-theora: a1e56fd34408186e4bbccfd4996cb3dc -> 
  custom:container-muxer-webm: aa71ff27fc2769a1b78a27578f13a17b -> 
  custom:container-demuxer-webm: 4f35f7cbe854078d1ac9338744f61a02 -> 
  custom:video-encoder-webm-vp8: eb34c28f22e8b96e1ab97ce403110664 -> 
  custom:video-codec-MediaFoundation-h265: 746d11721c4dcdbdad8f713fa42b33f4 -> 
  custom:CustomObjectIndexerAttribute: bc11b3a6c3213fcdd17b65e7da85e133 -> 
  custom:audio-encoder-webm-vorbis: bf7c407c2cedff20999df2af8eb42d56 -> 
  custom:framework-win-MediaFoundation: 216162199b28c13a410421893ffa2e32 -> 
  custom:SearchIndexIgnoredProperties: e643bd26f0fe6173181afceb89e7c659 -> 
  custom:container-demuxer-ogg: 62fdf1f143b41e24485cea50d1cbac27 -> 
  custom:video-decoder-webm-vp8: 9c59270c3fd7afecdb556c50c9e8de78 -> 
  custom:audio-decoder-ogg-vorbis: bf7c407c2cedff20999df2af8eb42d56 -> 
========================================================================
Received Prepare
Registering precompiled user dll's ...
Registered in 0.005008 seconds.
Begin MonoManager ReloadAssembly
Native extension for WindowsStandalone target not found
Native extension for Android target not found
Refreshing native plugins compatible for Editor in 0.65 ms, found 3 plugins.
Preloading 0 native plugins for Editor in 0.00 ms.
[Package Manager] Server::EnsureServerProcessIsRunning -- launch failed, reason: Unity was launched with the -noUpm command-line argument
[Package Manager] Cannot connect to Unity Package Manager local server
Mono: successfully reloaded assembly
- Completed reload, in  1.107 seconds
Domain Reload Profiling:
	ReloadAssembly (1107ms)
		BeginReloadAssembly (101ms)
			ExecutionOrderSort (0ms)
			DisableScriptedObjects (2ms)
			BackupInstance (0ms)
			ReleaseScriptingObjects (0ms)
			CreateAndSetChildDomain (28ms)
		EndReloadAssembly (950ms)
			LoadAssemblies (60ms)
			RebuildTransferFunctionScriptingTraits (0ms)
			SetupTypeCache (161ms)
			ReleaseScriptCaches (1ms)
			RebuildScriptCaches (25ms)
			SetupLoadedEditorAssemblies (690ms)
				LogAssemblyErrors (0ms)
				InitializePlatformSupportModulesInManaged (10ms)
				SetLoadedEditorAssemblies (0ms)
				RefreshPlugins (1ms)
				BeforeProcessingInitializeOnLoad (35ms)
				ProcessInitializeOnLoadAttributes (624ms)
				ProcessInitializeOnLoadMethodAttributes (15ms)
				AfterProcessingInitializeOnLoad (5ms)
				EditorAssembliesLoaded (0ms)
			ExecutionOrderSort2 (0ms)
			AwakeInstancesAfterBackupRestoration (4ms)
Platform modules already initialized, skipping
Refreshing native plugins compatible for Editor in 1.01 ms, found 3 plugins.
Preloading 0 native plugins for Editor in 0.00 ms.
Unloading 3558 Unused Serialized files (Serialized files now loaded: 0)
Unloading 37 unused Assets / (1.8 MB). Loaded Objects now: 4263.
Memory consumption went from 142.6 MB to 140.8 MB.
Total: 2.726500 ms (FindLiveObjects: 0.265000 ms CreateObjectMapping: 0.061400 ms MarkObjects: 2.116500 ms  DeleteObjects: 0.282900 ms)

AssetImportParameters requested are different than current active one (requested -> active):
  custom:video-decoder-ogg-theora: a1e56fd34408186e4bbccfd4996cb3dc -> 
  custom:container-muxer-webm: aa71ff27fc2769a1b78a27578f13a17b -> 
  custom:container-demuxer-webm: 4f35f7cbe854078d1ac9338744f61a02 -> 
  custom:video-encoder-webm-vp8: eb34c28f22e8b96e1ab97ce403110664 -> 
  custom:video-codec-MediaFoundation-h265: 746d11721c4dcdbdad8f713fa42b33f4 -> 
  custom:CustomObjectIndexerAttribute: bc11b3a6c3213fcdd17b65e7da85e133 -> 
  custom:audio-encoder-webm-vorbis: bf7c407c2cedff20999df2af8eb42d56 -> 
  custom:framework-win-MediaFoundation: 216162199b28c13a410421893ffa2e32 -> 
  custom:SearchIndexIgnoredProperties: e643bd26f0fe6173181afceb89e7c659 -> 
  custom:container-demuxer-ogg: 62fdf1f143b41e24485cea50d1cbac27 -> 
  custom:video-decoder-webm-vp8: 9c59270c3fd7afecdb556c50c9e8de78 -> 
  custom:audio-decoder-ogg-vorbis: bf7c407c2cedff20999df2af8eb42d56 -> 
========================================================================
Received Prepare
Registering precompiled user dll's ...
Registered in 0.005833 seconds.
Begin MonoManager ReloadAssembly
Native extension for WindowsStandalone target not found
Native extension for Android target not found
Refreshing native plugins compatible for Editor in 0.64 ms, found 3 plugins.
Preloading 0 native plugins for Editor in 0.00 ms.
[Package Manager] Server::EnsureServerProcessIsRunning -- launch failed, reason: Unity was launched with the -noUpm command-line argument
[Package Manager] Cannot connect to Unity Package Manager local server
Mono: successfully reloaded assembly
- Completed reload, in  1.121 seconds
Domain Reload Profiling:
	ReloadAssembly (1122ms)
		BeginReloadAssembly (104ms)
			ExecutionOrderSort (0ms)
			DisableScriptedObjects (2ms)
			BackupInstance (0ms)
			ReleaseScriptingObjects (0ms)
			CreateAndSetChildDomain (32ms)
		EndReloadAssembly (956ms)
			LoadAssemblies (61ms)
			RebuildTransferFunctionScriptingTraits (0ms)
			SetupTypeCache (163ms)
			ReleaseScriptCaches (1ms)
			RebuildScriptCaches (24ms)
			SetupLoadedEditorAssemblies (696ms)
				LogAssemblyErrors (0ms)
				InitializePlatformSupportModulesInManaged (11ms)
				SetLoadedEditorAssemblies (0ms)
				RefreshPlugins (1ms)
				BeforeProcessingInitializeOnLoad (35ms)
				ProcessInitializeOnLoadAttributes (629ms)
				ProcessInitializeOnLoadMethodAttributes (14ms)
				AfterProcessingInitializeOnLoad (6ms)
				EditorAssembliesLoaded (0ms)
			ExecutionOrderSort2 (0ms)
			AwakeInstancesAfterBackupRestoration (4ms)
Platform modules already initialized, skipping
Refreshing native plugins compatible for Editor in 0.62 ms, found 3 plugins.
Preloading 0 native plugins for Editor in 0.00 ms.
Unloading 3558 Unused Serialized files (Serialized files now loaded: 0)
Unloading 37 unused Assets / (1.8 MB). Loaded Objects now: 4267.
Memory consumption went from 142.6 MB to 140.8 MB.
Total: 2.837300 ms (FindLiveObjects: 0.248100 ms CreateObjectMapping: 0.074100 ms MarkObjects: 2.228400 ms  DeleteObjects: 0.286000 ms)

AssetImportParameters requested are different than current active one (requested -> active):
  custom:video-decoder-ogg-theora: a1e56fd34408186e4bbccfd4996cb3dc -> 
  custom:container-muxer-webm: aa71ff27fc2769a1b78a27578f13a17b -> 
  custom:container-demuxer-webm: 4f35f7cbe854078d1ac9338744f61a02 -> 
  custom:video-encoder-webm-vp8: eb34c28f22e8b96e1ab97ce403110664 -> 
  custom:video-codec-MediaFoundation-h265: 746d11721c4dcdbdad8f713fa42b33f4 -> 
  custom:CustomObjectIndexerAttribute: bc11b3a6c3213fcdd17b65e7da85e133 -> 
  custom:audio-encoder-webm-vorbis: bf7c407c2cedff20999df2af8eb42d56 -> 
  custom:framework-win-MediaFoundation: 216162199b28c13a410421893ffa2e32 -> 
  custom:SearchIndexIgnoredProperties: e643bd26f0fe6173181afceb89e7c659 -> 
  custom:container-demuxer-ogg: 62fdf1f143b41e24485cea50d1cbac27 -> 
  custom:video-decoder-webm-vp8: 9c59270c3fd7afecdb556c50c9e8de78 -> 
  custom:audio-decoder-ogg-vorbis: bf7c407c2cedff20999df2af8eb42d56 -> 
========================================================================
Received Prepare
Registering precompiled user dll's ...
Registered in 0.004686 seconds.
Begin MonoManager ReloadAssembly
Native extension for WindowsStandalone target not found
Native extension for Android target not found
Refreshing native plugins compatible for Editor in 0.60 ms, found 3 plugins.
Preloading 0 native plugins for Editor in 0.00 ms.
[Package Manager] Server::EnsureServerProcessIsRunning -- launch failed, reason: Unity was launched with the -noUpm command-line argument
[Package Manager] Cannot connect to Unity Package Manager local server
Mono: successfully reloaded assembly
- Completed reload, in  1.081 seconds
Domain Reload Profiling:
	ReloadAssembly (1081ms)
		BeginReloadAssembly (106ms)
			ExecutionOrderSort (0ms)
			DisableScriptedObjects (2ms)
			BackupInstance (0ms)
			ReleaseScriptingObjects (0ms)
			CreateAndSetChildDomain (27ms)
		EndReloadAssembly (913ms)
			LoadAssemblies (69ms)
			RebuildTransferFunctionScriptingTraits (0ms)
			SetupTypeCache (152ms)
			ReleaseScriptCaches (1ms)
			RebuildScriptCaches (23ms)
			SetupLoadedEditorAssemblies (665ms)
				LogAssemblyErrors (0ms)
				InitializePlatformSupportModulesInManaged (9ms)
				SetLoadedEditorAssemblies (0ms)
				RefreshPlugins (1ms)
				BeforeProcessingInitializeOnLoad (32ms)
				ProcessInitializeOnLoadAttributes (605ms)
				ProcessInitializeOnLoadMethodAttributes (13ms)
				AfterProcessingInitializeOnLoad (5ms)
				EditorAssembliesLoaded (0ms)
			ExecutionOrderSort2 (0ms)
			AwakeInstancesAfterBackupRestoration (5ms)
Platform modules already initialized, skipping
Refreshing native plugins compatible for Editor in 0.72 ms, found 3 plugins.
Preloading 0 native plugins for Editor in 0.00 ms.
Unloading 3558 Unused Serialized files (Serialized files now loaded: 0)
Unloading 37 unused Assets / (1.8 MB). Loaded Objects now: 4271.
Memory consumption went from 142.6 MB to 140.8 MB.
Total: 3.043900 ms (FindLiveObjects: 0.259300 ms CreateObjectMapping: 0.078000 ms MarkObjects: 2.354700 ms  DeleteObjects: 0.351000 ms)

AssetImportParameters requested are different than current active one (requested -> active):
  custom:video-decoder-ogg-theora: a1e56fd34408186e4bbccfd4996cb3dc -> 
  custom:container-muxer-webm: aa71ff27fc2769a1b78a27578f13a17b -> 
  custom:container-demuxer-webm: 4f35f7cbe854078d1ac9338744f61a02 -> 
  custom:video-encoder-webm-vp8: eb34c28f22e8b96e1ab97ce403110664 -> 
  custom:video-codec-MediaFoundation-h265: 746d11721c4dcdbdad8f713fa42b33f4 -> 
  custom:CustomObjectIndexerAttribute: bc11b3a6c3213fcdd17b65e7da85e133 -> 
  custom:audio-encoder-webm-vorbis: bf7c407c2cedff20999df2af8eb42d56 -> 
  custom:framework-win-MediaFoundation: 216162199b28c13a410421893ffa2e32 -> 
  custom:SearchIndexIgnoredProperties: e643bd26f0fe6173181afceb89e7c659 -> 
  custom:container-demuxer-ogg: 62fdf1f143b41e24485cea50d1cbac27 -> 
  custom:video-decoder-webm-vp8: 9c59270c3fd7afecdb556c50c9e8de78 -> 
  custom:audio-decoder-ogg-vorbis: bf7c407c2cedff20999df2af8eb42d56 -> 
========================================================================
Received Prepare
Refreshing native plugins compatible for Editor in 3.56 ms, found 3 plugins.
Preloading 0 native plugins for Editor in 0.00 ms.
Unloading 35 Unused Serialized files (Serialized files now loaded: 0)
Unloading 35 unused Assets / (1.8 MB). Loaded Objects now: 4271.
Memory consumption went from 72.0 MB to 70.2 MB.
Total: 2.714000 ms (FindLiveObjects: 0.230000 ms CreateObjectMapping: 0.073300 ms MarkObjects: 2.153100 ms  DeleteObjects: 0.257100 ms)

AssetImportParameters requested are different than current active one (requested -> active):
  custom:video-decoder-ogg-theora: a1e56fd34408186e4bbccfd4996cb3dc -> 
  custom:container-muxer-webm: aa71ff27fc2769a1b78a27578f13a17b -> 
  custom:container-demuxer-webm: 4f35f7cbe854078d1ac9338744f61a02 -> 
  custom:video-encoder-webm-vp8: eb34c28f22e8b96e1ab97ce403110664 -> 
  custom:video-codec-MediaFoundation-h265: 746d11721c4dcdbdad8f713fa42b33f4 -> 
  custom:CustomObjectIndexerAttribute: bc11b3a6c3213fcdd17b65e7da85e133 -> 
  custom:audio-encoder-webm-vorbis: bf7c407c2cedff20999df2af8eb42d56 -> 
  custom:framework-win-MediaFoundation: 216162199b28c13a410421893ffa2e32 -> 
  custom:SearchIndexIgnoredProperties: e643bd26f0fe6173181afceb89e7c659 -> 
  custom:container-demuxer-ogg: 62fdf1f143b41e24485cea50d1cbac27 -> 
  custom:video-decoder-webm-vp8: 9c59270c3fd7afecdb556c50c9e8de78 -> 
  custom:audio-decoder-ogg-vorbis: bf7c407c2cedff20999df2af8eb42d56 -> 
